DATAFLOW,LAST UPDATE,freq,treespec,prod_wd,unit,bark,geo,TIME_PERIOD,OBS_VALUE,OBS_FLAG
ESTAT:FOR_REMOV$DEFAULTVIEW(1.0),20/06/22 23:00:00,A,TOTAL,RW_FW,THS_M3,UNBK,AT,2011,5065.14,
ESTAT:FOR_REMOV$DEFAULTVIEW(1.0),20/06/22 23:00:00,A,TOTAL,RW_FW,THS_M3,UNBK,AT,2012,5189.46,
ESTAT:FOR_REMOV$DEFAULTVIEW(1.0),20/06/22 23:00:00,A,TOTAL,RW_FW,THS_M3,UNBK,AT,2013,4956.97,
ESTAT:FOR_REMOV$DEFAULTVIEW(1.0),20/06/22 23:00:00,A,TOTAL,RW_FW,THS_M3,UNBK,AT,2014,5058.83,
ESTAT:FOR_REMOV$DEFAULTVIEW(1.0),20/06/22 23:00:00,A,TOTAL,RW_FW,THS_M3,UNBK,AT,2015,4979.06,
ESTAT:FOR_REMOV$DEFAULTVIEW(1.0),20/06/22 23:00:00,A,TOTAL,RW_FW,THS_M3,UNBK,AT,2016,4590,
ESTAT:FOR_REMOV$DEFAULTVIEW(1.0),20/06/22 23:00:00,A,TOTAL,RW_FW,THS_M3,UNBK,AT,2017,4908.71,
ESTAT:FOR_REMOV$DEFAULTVIEW(1.0),20/06/22 23:00:00,A,TOTAL,RW_FW,THS_M3,UNBK,AT,2018,5243.22,
ESTAT:FOR_REMOV$DEFAULTVIEW(1.0),20/06/22 23:00:00,A,TOTAL,RW_FW,THS_M3,UNBK,AT,2019,5579.04,
ESTAT:FOR_REMOV$DEFAULTVIEW(1.0),20/06/22 23:00:00,A,TOTAL,RW_FW,THS_M3,UNBK,AT,2020,5327.12,
ESTAT:FOR_REMOV$DEFAULTVIEW(1.0),20/06/22 23:00:00,A,TOTAL,RW_FW,THS_M3,UNBK,BE,2011,892.75,
ESTAT:FOR_REMOV$DEFAULTVIEW(1.0),20/06/22 23:00:00,A,TOTAL,RW_FW,THS_M3,UNBK,BE,2017,1236.66,p
ESTAT:FOR_REMOV$DEFAULTVIEW(1.0),20/06/22 23:00:00,A,TOTAL,RW_FW,THS_M3,UNBK,BE,2018,1236.66,e
ESTAT:FOR_REMOV$DEFAULTVIEW(1.0),20/06/22 23:00:00,A,TOTAL,RW_FW,THS_M3,UNBK,BE,2019,1236.66,e
ESTAT:FOR_REMOV$DEFAULTVIEW(1.0),20/06/22 23:00:00,A,TOTAL,RW_FW,THS_M3,UNBK,BE,2020,1236.66,e
ESTAT:FOR_REMOV$DEFAULTVIEW(1.0),20/06/22 23:00:00,A,TOTAL,RW_FW,THS_M3,UNBK,BG,2011,2841,
ESTAT:FOR_REMOV$DEFAULTVIEW(1.0),20/06/22 23:00:00,A,TOTAL,RW_FW,THS_M3,UNBK,BG,2013,2758.48,
ESTAT:FOR_REMOV$DEFAULTVIEW(1.0),20/06/22 23:00:00,A,TOTAL,RW_FW,THS_M3,UNBK,BG,2014,2533.66,
ESTAT:FOR_REMOV$DEFAULTVIEW(1.0),20/06/22 23:00:00,A,TOTAL,RW_FW,THS_M3,UNBK,BG,2015,2848.2,
ESTAT:FOR_REMOV$DEFAULTVIEW(1.0),20/06/22 23:00:00,A,TOTAL,RW_FW,THS_M3,UNBK,BG,2016,2928,
ESTAT:FOR_REMOV$DEFAULTVIEW(1.0),20/06/22 23:00:00,A,TOTAL,RW_FW,THS_M3,UNBK,BG,2017,2989.26,
ESTAT:FOR_REMOV$DEFAULTVIEW(1.0),20/06/22 23:00:00,A,TOTAL,RW_FW,THS_M3,UNBK,BG,2018,2849.21,
ESTAT:FOR_REMOV$DEFAULTVIEW(1.0),20/06/22 23:00:00,A,TOTAL,RW_FW,THS_M3,UNBK,BG,2019,2709.26,
ESTAT:FOR_REMOV$DEFAULTVIEW(1.0),20/06/22 23:00:00,A,TOTAL,RW_FW,THS_M3,UNBK,BG,2020,2332.45,
ESTAT:FOR_REMOV$DEFAULTVIEW(1.0),20/06/22 23:00:00,A,TOTAL,RW_FW,THS_M3,UNBK,CH,2011,1538.92,
ESTAT:FOR_REMOV$DEFAULTVIEW(1.0),20/06/22 23:00:00,A,TOTAL,RW_FW,THS_M3,UNBK,CH,2012,1528.05,
ESTAT:FOR_REMOV$DEFAULTVIEW(1.0),20/06/22 23:00:00,A,TOTAL,RW_FW,THS_M3,UNBK,CH,2013,1653.32,
ESTAT:FOR_REMOV$DEFAULTVIEW(1.0),20/06/22 23:00:00,A,TOTAL,RW_FW,THS_M3,UNBK,CH,2014,1643.47,
ESTAT:FOR_REMOV$DEFAULTVIEW(1.0),20/06/22 23:00:00,A,TOTAL,RW_FW,THS_M3,UNBK,CH,2015,1584.23,
ESTAT:FOR_REMOV$DEFAULTVIEW(1.0),20/06/22 23:00:00,A,TOTAL,RW_FW,THS_M3,UNBK,CH,2016,1591,
ESTAT:FOR_REMOV$DEFAULTVIEW(1.0),20/06/22 23:00:00,A,TOTAL,RW_FW,THS_M3,UNBK,CH,2017,1644.75,
ESTAT:FOR_REMOV$DEFAULTVIEW(1.0),20/06/22 23:00:00,A,TOTAL,RW_FW,THS_M3,UNBK,CH,2018,1735.93,
ESTAT:FOR_REMOV$DEFAULTVIEW(1.0),20/06/22 23:00:00,A,TOTAL,RW_FW,THS_M3,UNBK,CH,2019,1743.85,
ESTAT:FOR_REMOV$DEFAULTVIEW(1.0),20/06/22 23:00:00,A,TOTAL,RW_FW,THS_M3,UNBK,CH,2020,1770.35,
ESTAT:FOR_REMOV$DEFAULTVIEW(1.0),20/06/22 23:00:00,A,TOTAL,RW_FW,THS_M3,UNBK,CY,2011,3.54,
ESTAT:FOR_REMOV$DEFAULTVIEW(1.0),20/06/22 23:00:00,A,TOTAL,RW_FW,THS_M3,UNBK,CY,2012,6.52,
ESTAT:FOR_REMOV$DEFAULTVIEW(1.0),20/06/22 23:00:00,A,TOTAL,RW_FW,THS_M3,UNBK,CY,2013,5.67,
ESTAT:FOR_REMOV$DEFAULTVIEW(1.0),20/06/22 23:00:00,A,TOTAL,RW_FW,THS_M3,UNBK,CY,2014,4.83,
ESTAT:FOR_REMOV$DEFAULTVIEW(1.0),20/06/22 23:00:00,A,TOTAL,RW_FW,THS_M3,UNBK,CY,2015,7.49,
ESTAT:FOR_REMOV$DEFAULTVIEW(1.0),20/06/22 23:00:00,A,TOTAL,RW_FW,THS_M3,UNBK,CY,2016,13,
ESTAT:FOR_REMOV$DEFAULTVIEW(1.0),20/06/22 23:00:00,A,TOTAL,RW_FW,THS_M3,UNBK,CY,2017,13.62,
ESTAT:FOR_REMOV$DEFAULTVIEW(1.0),20/06/22 23:00:00,A,TOTAL,RW_FW,THS_M3,UNBK,CY,2018,8.84,
ESTAT:FOR_REMOV$DEFAULTVIEW(1.0),20/06/22 23:00:00,A,TOTAL,RW_FW,THS_M3,UNBK,CY,2019,7.39,
ESTAT:FOR_REMOV$DEFAULTVIEW(1.0),20/06/22 23:00:00,A,TOTAL,RW_FW,THS_M3,UNBK,CY,2020,6.36,
ESTAT:FOR_REMOV$DEFAULTVIEW(1.0),20/06/22 23:00:00,A,TOTAL,RW_FW,THS_M3,UNBK,CZ,2011,1914,
ESTAT:FOR_REMOV$DEFAULTVIEW(1.0),20/06/22 23:00:00,A,TOTAL,RW_FW,THS_M3,UNBK,CZ,2012,2020,
ESTAT:FOR_REMOV$DEFAULTVIEW(1.0),20/06/22 23:00:00,A,TOTAL,RW_FW,THS_M3,UNBK,CZ,2013,2182,
ESTAT:FOR_REMOV$DEFAULTVIEW(1.0),20/06/22 23:00:00,A,TOTAL,RW_FW,THS_M3,UNBK,CZ,2014,2111,
ESTAT:FOR_REMOV$DEFAULTVIEW(1.0),20/06/22 23:00:00,A,TOTAL,RW_FW,THS_M3,UNBK,CZ,2015,2336,
ESTAT:FOR_REMOV$DEFAULTVIEW(1.0),20/06/22 23:00:00,A,TOTAL,RW_FW,THS_M3,UNBK,CZ,2016,2344,
ESTAT:FOR_REMOV$DEFAULTVIEW(1.0),20/06/22 23:00:00,A,TOTAL,RW_FW,THS_M3,UNBK,CZ,2017,2376,
ESTAT:FOR_REMOV$DEFAULTVIEW(1.0),20/06/22 23:00:00,A,TOTAL,RW_FW,THS_M3,UNBK,CZ,2018,4246,
ESTAT:FOR_REMOV$DEFAULTVIEW(1.0),20/06/22 23:00:00,A,TOTAL,RW_FW,THS_M3,UNBK,CZ,2019,5922,
ESTAT:FOR_REMOV$DEFAULTVIEW(1.0),20/06/22 23:00:00,A,TOTAL,RW_FW,THS_M3,UNBK,DE,2011,10783.35,
ESTAT:FOR_REMOV$DEFAULTVIEW(1.0),20/06/22 23:00:00,A,TOTAL,RW_FW,THS_M3,UNBK,DE,2012,9475.53,
ESTAT:FOR_REMOV$DEFAULTVIEW(1.0),20/06/22 23:00:00,A,TOTAL,RW_FW,THS_M3,UNBK,DE,2013,11155.25,
ESTAT:FOR_REMOV$DEFAULTVIEW(1.0),20/06/22 23:00:00,A,TOTAL,RW_FW,THS_M3,UNBK,DE,2014,11113.64,
ESTAT:FOR_REMOV$DEFAULTVIEW(1.0),20/06/22 23:00:00,A,TOTAL,RW_FW,THS_M3,UNBK,DE,2015,10493.77,
ESTAT:FOR_REMOV$DEFAULTVIEW(1.0),20/06/22 23:00:00,A,TOTAL,RW_FW,THS_M3,UNBK,DE,2016,9413,
ESTAT:FOR_REMOV$DEFAULTVIEW(1.0),20/06/22 23:00:00,A,TOTAL,RW_FW,THS_M3,UNBK,DE,2017,22388.94,e
ESTAT:FOR_REMOV$DEFAULTVIEW(1.0),20/06/22 23:00:00,A,TOTAL,RW_FW,THS_M3,UNBK,DE,2018,22358.98,e
ESTAT:FOR_REMOV$DEFAULTVIEW(1.0),20/06/22 23:00:00,A,TOTAL,RW_FW,THS_M3,UNBK,DE,2019,23697.48,e
ESTAT:FOR_REMOV$DEFAULTVIEW(1.0),20/06/22 23:00:00,A,TOTAL,RW_FW,THS_M3,UNBK,DE,2020,22261.46,e
ESTAT:FOR_REMOV$DEFAULTVIEW(1.0),20/06/22 23:00:00,A,TOTAL,RW_FW,THS_M3,UNBK,DK,2011,1115.41,
ESTAT:FOR_REMOV$DEFAULTVIEW(1.0),20/06/22 23:00:00,A,TOTAL,RW_FW,THS_M3,UNBK,DK,2013,1949.63,
ESTAT:FOR_REMOV$DEFAULTVIEW(1.0),20/06/22 23:00:00,A,TOTAL,RW_FW,THS_M3,UNBK,DK,2014,1949.63,
ESTAT:FOR_REMOV$DEFAULTVIEW(1.0),20/06/22 23:00:00,A,TOTAL,RW_FW,THS_M3,UNBK,DK,2015,2014.59,
ESTAT:FOR_REMOV$DEFAULTVIEW(1.0),20/06/22 23:00:00,A,TOTAL,RW_FW,THS_M3,UNBK,DK,2016,2014.59,
ESTAT:FOR_REMOV$DEFAULTVIEW(1.0),20/06/22 23:00:00,A,TOTAL,RW_FW,THS_M3,UNBK,EE,2011,1881,
ESTAT:FOR_REMOV$DEFAULTVIEW(1.0),20/06/22 23:00:00,A,TOTAL,RW_FW,THS_M3,UNBK,EE,2012,1926,
ESTAT:FOR_REMOV$DEFAULTVIEW(1.0),20/06/22 23:00:00,A,TOTAL,RW_FW,THS_M3,UNBK,EE,2013,2439,
ESTAT:FOR_REMOV$DEFAULTVIEW(1.0),20/06/22 23:00:00,A,TOTAL,RW_FW,THS_M3,UNBK,EE,2014,2256.82,
ESTAT:FOR_REMOV$DEFAULTVIEW(1.0),20/06/22 23:00:00,A,TOTAL,RW_FW,THS_M3,UNBK,EE,2015,3075,
ESTAT:FOR_REMOV$DEFAULTVIEW(1.0),20/06/22 23:00:00,A,TOTAL,RW_FW,THS_M3,UNBK,EE,2016,3192,
ESTAT:FOR_REMOV$DEFAULTVIEW(1.0),20/06/22 23:00:00,A,TOTAL,RW_FW,THS_M3,UNBK,EE,2017,4456.44,
ESTAT:FOR_REMOV$DEFAULTVIEW(1.0),20/06/22 23:00:00,A,TOTAL,RW_FW,THS_M3,UNBK,EE,2018,4755.91,
ESTAT:FOR_REMOV$DEFAULTVIEW(1.0),20/06/22 23:00:00,A,TOTAL,RW_FW,THS_M3,UNBK,EE,2019,4271.97,
ESTAT:FOR_REMOV$DEFAULTVIEW(1.0),20/06/22 23:00:00,A,TOTAL,RW_FW,THS_M3,UNBK,EE,2020,4135.53,
ESTAT:FOR_REMOV$DEFAULTVIEW(1.0),20/06/22 23:00:00,A,TOTAL,RW_FW,THS_M3,UNBK,EL,2011,857.18,
ESTAT:FOR_REMOV$DEFAULTVIEW(1.0),20/06/22 23:00:00,A,TOTAL,RW_FW,THS_M3,UNBK,EL,2013,764.89,
ESTAT:FOR_REMOV$DEFAULTVIEW(1.0),20/06/22 23:00:00,A,TOTAL,RW_FW,THS_M3,UNBK,EL,2017,858.93,p
ESTAT:FOR_REMOV$DEFAULTVIEW(1.0),20/06/22 23:00:00,A,TOTAL,RW_FW,THS_M3,UNBK,ES,2011,3900,
ESTAT:FOR_REMOV$DEFAULTVIEW(1.0),20/06/22 23:00:00,A,TOTAL,RW_FW,THS_M3,UNBK,ES,2013,3435,e
ESTAT:FOR_REMOV$DEFAULTVIEW(1.0),20/06/22 23:00:00,A,TOTAL,RW_FW,THS_M3,UNBK,ES,2014,3709,
ESTAT:FOR_REMOV$DEFAULTVIEW(1.0),20/06/22 23:00:00,A,TOTAL,RW_FW,THS_M3,UNBK,ES,2015,4522.87,
ESTAT:FOR_REMOV$DEFAULTVIEW(1.0),20/06/22 23:00:00,A,TOTAL,RW_FW,THS_M3,UNBK,ES,2016,2923,
ESTAT:FOR_REMOV$DEFAULTVIEW(1.0),20/06/22 23:00:00,A,TOTAL,RW_FW,THS_M3,UNBK,ES,2017,2268.59,
ESTAT:FOR_REMOV$DEFAULTVIEW(1.0),20/06/22 23:00:00,A,TOTAL,RW_FW,THS_M3,UNBK,ES,2018,3506.32,
ESTAT:FOR_REMOV$DEFAULTVIEW(1.0),20/06/22 23:00:00,A,TOTAL,RW_FW,THS_M3,UNBK,ES,2019,1615.43,
ESTAT:FOR_REMOV$DEFAULTVIEW(1.0),20/06/22 23:00:00,A,TOTAL,RW_FW,THS_M3,UNBK,ES,2020,1615.43,e
ESTAT:FOR_REMOV$DEFAULTVIEW(1.0),20/06/22 23:00:00,A,TOTAL,RW_FW,THS_M3,UNBK,EU27_2020,2011,94001.43,s
ESTAT:FOR_REMOV$DEFAULTVIEW(1.0),20/06/22 23:00:00,A,TOTAL,RW_FW,THS_M3,UNBK,EU27_2020,2012,95390.01,
ESTAT:FOR_REMOV$DEFAULTVIEW(1.0),20/06/22 23:00:00,A,TOTAL,RW_FW,THS_M3,UNBK,EU27_2020,2013,98343.62,s
ESTAT:FOR_REMOV$DEFAULTVIEW(1.0),20/06/22 23:00:00,A,TOTAL,RW_FW,THS_M3,UNBK,EU27_2020,2014,96981.11,s
ESTAT:FOR_REMOV$DEFAULTVIEW(1.0),20/06/22 23:00:00,A,TOTAL,RW_FW,THS_M3,UNBK,EU27_2020,2015,99060.75,
ESTAT:FOR_REMOV$DEFAULTVIEW(1.0),20/06/22 23:00:00,A,TOTAL,RW_FW,THS_M3,UNBK,EU27_2020,2016,97438.32,
ESTAT:FOR_REMOV$DEFAULTVIEW(1.0),20/06/22 23:00:00,A,TOTAL,RW_FW,THS_M3,UNBK,EU27_2020,2017,109623.52,s
ESTAT:FOR_REMOV$DEFAULTVIEW(1.0),20/06/22 23:00:00,A,TOTAL,RW_FW,THS_M3,UNBK,EU27_2020,2018,113945.6,s
ESTAT:FOR_REMOV$DEFAULTVIEW(1.0),20/06/22 23:00:00,A,TOTAL,RW_FW,THS_M3,UNBK,EU27_2020,2019,115008.7,s
ESTAT:FOR_REMOV$DEFAULTVIEW(1.0),20/06/22 23:00:00,A,TOTAL,RW_FW,THS_M3,UNBK,EU27_2020,2020,113759.74,s
ESTAT:FOR_REMOV$DEFAULTVIEW(1.0),20/06/22 23:00:00,A,TOTAL,RW_FW,THS_M3,UNBK,EU28,2011,95235.23,e
ESTAT:FOR_REMOV$DEFAULTVIEW(1.0),20/06/22 23:00:00,A,TOTAL,RW_FW,THS_M3,UNBK,EU28,2012,96722,e
ESTAT:FOR_REMOV$DEFAULTVIEW(1.0),20/06/22 23:00:00,A,TOTAL,RW_FW,THS_M3,UNBK,EU28,2013,99921.1,e
ESTAT:FOR_REMOV$DEFAULTVIEW(1.0),20/06/22 23:00:00,A,TOTAL,RW_FW,THS_M3,UNBK,EU28,2014,98775.77,e
ESTAT:FOR_REMOV$DEFAULTVIEW(1.0),20/06/22 23:00:00,A,TOTAL,RW_FW,THS_M3,UNBK,EU28,2015,100981.95,e
ESTAT:FOR_REMOV$DEFAULTVIEW(1.0),20/06/22 23:00:00,A,TOTAL,RW_FW,THS_M3,UNBK,EU28,2016,106289.32,e
ESTAT:FOR_REMOV$DEFAULTVIEW(1.0),20/06/22 23:00:00,A,TOTAL,RW_FW,THS_M3,UNBK,EU28,2017,111719.72,s
ESTAT:FOR_REMOV$DEFAULTVIEW(1.0),20/06/22 23:00:00,A,TOTAL,RW_FW,THS_M3,UNBK,EU28,2018,116423.9,s
ESTAT:FOR_REMOV$DEFAULTVIEW(1.0),20/06/22 23:00:00,A,TOTAL,RW_FW,THS_M3,UNBK,EU28,2019,117487,s
ESTAT:FOR_REMOV$DEFAULTVIEW(1.0),20/06/22 23:00:00,A,TOTAL,RW_FW,THS_M3,UNBK,FI,2011,7251.75,
ESTAT:FOR_REMOV$DEFAULTVIEW(1.0),20/06/22 23:00:00,A,TOTAL,RW_FW,THS_M3,UNBK,FI,2012,7695.37,
ESTAT:FOR_REMOV$DEFAULTVIEW(1.0),20/06/22 23:00:00,A,TOTAL,RW_FW,THS_M3,UNBK,FI,2013,7660.18,e
ESTAT:FOR_REMOV$DEFAULTVIEW(1.0),20/06/22 23:00:00,A,TOTAL,RW_FW,THS_M3,UNBK,FI,2014,7831.82,
ESTAT:FOR_REMOV$DEFAULTVIEW(1.0),20/06/22 23:00:00,A,TOTAL,RW_FW,THS_M3,UNBK,FI,2015,7964.45,
ESTAT:FOR_REMOV$DEFAULTVIEW(1.0),20/06/22 23:00:00,A,TOTAL,RW_FW,THS_M3,UNBK,FI,2016,7107.14,
ESTAT:FOR_REMOV$DEFAULTVIEW(1.0),20/06/22 23:00:00,A,TOTAL,RW_FW,THS_M3,UNBK,FI,2017,7949,
ESTAT:FOR_REMOV$DEFAULTVIEW(1.0),20/06/22 23:00:00,A,TOTAL,RW_FW,THS_M3,UNBK,FI,2018,7758.73,
ESTAT:FOR_REMOV$DEFAULTVIEW(1.0),20/06/22 23:00:00,A,TOTAL,RW_FW,THS_M3,UNBK,FI,2019,8013.23,
ESTAT:FOR_REMOV$DEFAULTVIEW(1.0),20/06/22 23:00:00,A,TOTAL,RW_FW,THS_M3,UNBK,FI,2020,8937.01,
ESTAT:FOR_REMOV$DEFAULTVIEW(1.0),20/06/22 23:00:00,A,TOTAL,RW_FW,THS_M3,UNBK,FR,2011,26653.39,p
ESTAT:FOR_REMOV$DEFAULTVIEW(1.0),20/06/22 23:00:00,A,TOTAL,RW_FW,THS_M3,UNBK,FR,2012,26549.53,
ESTAT:FOR_REMOV$DEFAULTVIEW(1.0),20/06/22 23:00:00,A,TOTAL,RW_FW,THS_M3,UNBK,FR,2013,26852.88,
ESTAT:FOR_REMOV$DEFAULTVIEW(1.0),20/06/22 23:00:00,A,TOTAL,RW_FW,THS_M3,UNBK,FR,2014,26116.08,
ESTAT:FOR_REMOV$DEFAULTVIEW(1.0),20/06/22 23:00:00,A,TOTAL,RW_FW,THS_M3,UNBK,FR,2015,25962.09,
ESTAT:FOR_REMOV$DEFAULTVIEW(1.0),20/06/22 23:00:00,A,TOTAL,RW_FW,THS_M3,UNBK,FR,2016,25944,
ESTAT:FOR_REMOV$DEFAULTVIEW(1.0),20/06/22 23:00:00,A,TOTAL,RW_FW,THS_M3,UNBK,FR,2017,23139.61,
ESTAT:FOR_REMOV$DEFAULTVIEW(1.0),20/06/22 23:00:00,A,TOTAL,RW_FW,THS_M3,UNBK,FR,2018,24148.19,e
ESTAT:FOR_REMOV$DEFAULTVIEW(1.0),20/06/22 23:00:00,A,TOTAL,RW_FW,THS_M3,UNBK,FR,2019,24186.12,e
ESTAT:FOR_REMOV$DEFAULTVIEW(1.0),20/06/22 23:00:00,A,TOTAL,RW_FW,THS_M3,UNBK,FR,2020,23444.46,e
ESTAT:FOR_REMOV$DEFAULTVIEW(1.0),20/06/22 23:00:00,A,TOTAL,RW_FW,THS_M3,UNBK,HR,2011,1422,e
ESTAT:FOR_REMOV$DEFAULTVIEW(1.0),20/06/22 23:00:00,A,TOTAL,RW_FW,THS_M3,UNBK,HR,2012,1557,
ESTAT:FOR_REMOV$DEFAULTVIEW(1.0),20/06/22 23:00:00,A,TOTAL,RW_FW,THS_M3,UNBK,HR,2013,1400,
ESTAT:FOR_REMOV$DEFAULTVIEW(1.0),20/06/22 23:00:00,A,TOTAL,RW_FW,THS_M3,UNBK,HR,2014,2300.28,
ESTAT:FOR_REMOV$DEFAULTVIEW(1.0),20/06/22 23:00:00,A,TOTAL,RW_FW,THS_M3,UNBK,HR,2015,1768.74,
ESTAT:FOR_REMOV$DEFAULTVIEW(1.0),20/06/22 23:00:00,A,TOTAL,RW_FW,THS_M3,UNBK,HR,2016,1768,
ESTAT:FOR_REMOV$DEFAULTVIEW(1.0),20/06/22 23:00:00,A,TOTAL,RW_FW,THS_M3,UNBK,HR,2017,2388.7,
ESTAT:FOR_REMOV$DEFAULTVIEW(1.0),20/06/22 23:00:00,A,TOTAL,RW_FW,THS_M3,UNBK,HR,2018,2175.34,
ESTAT:FOR_REMOV$DEFAULTVIEW(1.0),20/06/22 23:00:00,A,TOTAL,RW_FW,THS_M3,UNBK,HR,2019,2205.26,
ESTAT:FOR_REMOV$DEFAULTVIEW(1.0),20/06/22 23:00:00,A,TOTAL,RW_FW,THS_M3,UNBK,HR,2020,2206.91,
ESTAT:FOR_REMOV$DEFAULTVIEW(1.0),20/06/22 23:00:00,A,TOTAL,RW_FW,THS_M3,UNBK,HU,2011,3214.86,
ESTAT:FOR_REMOV$DEFAULTVIEW(1.0),20/06/22 23:00:00,A,TOTAL,RW_FW,THS_M3,UNBK,HU,2012,2958.92,
ESTAT:FOR_REMOV$DEFAULTVIEW(1.0),20/06/22 23:00:00,A,TOTAL,RW_FW,THS_M3,UNBK,HU,2013,2858.47,
ESTAT:FOR_REMOV$DEFAULTVIEW(1.0),20/06/22 23:00:00,A,TOTAL,RW_FW,THS_M3,UNBK,HU,2015,2679.17,
ESTAT:FOR_REMOV$DEFAULTVIEW(1.0),20/06/22 23:00:00,A,TOTAL,RW_FW,THS_M3,UNBK,HU,2016,2636,
ESTAT:FOR_REMOV$DEFAULTVIEW(1.0),20/06/22 23:00:00,A,TOTAL,RW_FW,THS_M3,UNBK,HU,2017,2826.93,
ESTAT:FOR_REMOV$DEFAULTVIEW(1.0),20/06/22 23:00:00,A,TOTAL,RW_FW,THS_M3,UNBK,HU,2018,2817.98,
ESTAT:FOR_REMOV$DEFAULTVIEW(1.0),20/06/22 23:00:00,A,TOTAL,RW_FW,THS_M3,UNBK,HU,2019,2683.82,
ESTAT:FOR_REMOV$DEFAULTVIEW(1.0),20/06/22 23:00:00,A,TOTAL,RW_FW,THS_M3,UNBK,HU,2020,2515.54,
ESTAT:FOR_REMOV$DEFAULTVIEW(1.0),20/06/22 23:00:00,A,TOTAL,RW_FW,THS_M3,UNBK,IE,2011,194.54,
ESTAT:FOR_REMOV$DEFAULTVIEW(1.0),20/06/22 23:00:00,A,TOTAL,RW_FW,THS_M3,UNBK,IE,2012,204.77,
ESTAT:FOR_REMOV$DEFAULTVIEW(1.0),20/06/22 23:00:00,A,TOTAL,RW_FW,THS_M3,UNBK,IE,2013,209.37,
ESTAT:FOR_REMOV$DEFAULTVIEW(1.0),20/06/22 23:00:00,A,TOTAL,RW_FW,THS_M3,UNBK,IE,2014,206.26,
ESTAT:FOR_REMOV$DEFAULTVIEW(1.0),20/06/22 23:00:00,A,TOTAL,RW_FW,THS_M3,UNBK,IE,2015,202.8,
ESTAT:FOR_REMOV$DEFAULTVIEW(1.0),20/06/22 23:00:00,A,TOTAL,RW_FW,THS_M3,UNBK,IE,2016,210,
ESTAT:FOR_REMOV$DEFAULTVIEW(1.0),20/06/22 23:00:00,A,TOTAL,RW_FW,THS_M3,UNBK,IE,2017,210.27,
ESTAT:FOR_REMOV$DEFAULTVIEW(1.0),20/06/22 23:00:00,A,TOTAL,RW_FW,THS_M3,UNBK,IE,2018,210.82,
ESTAT:FOR_REMOV$DEFAULTVIEW(1.0),20/06/22 23:00:00,A,TOTAL,RW_FW,THS_M3,UNBK,IS,2012,0.89,
ESTAT:FOR_REMOV$DEFAULTVIEW(1.0),20/06/22 23:00:00,A,TOTAL,RW_FW,THS_M3,UNBK,IS,2018,2,
ESTAT:FOR_REMOV$DEFAULTVIEW(1.0),20/06/22 23:00:00,A,TOTAL,RW_FW,THS_M3,UNBK,IS,2019,1,
ESTAT:FOR_REMOV$DEFAULTVIEW(1.0),20/06/22 23:00:00,A,TOTAL,RW_FW,THS_M3,UNBK,IT,2011,5388.49,
ESTAT:FOR_REMOV$DEFAULTVIEW(1.0),20/06/22 23:00:00,A,TOTAL,RW_FW,THS_M3,UNBK,IT,2014,3717.37,
ESTAT:FOR_REMOV$DEFAULTVIEW(1.0),20/06/22 23:00:00,A,TOTAL,RW_FW,THS_M3,UNBK,IT,2015,3003.98,
ESTAT:FOR_REMOV$DEFAULTVIEW(1.0),20/06/22 23:00:00,A,TOTAL,RW_FW,THS_M3,UNBK,IT,2016,3845,
ESTAT:FOR_REMOV$DEFAULTVIEW(1.0),20/06/22 23:00:00,A,TOTAL,RW_FW,THS_M3,UNBK,IT,2017,3841,
ESTAT:FOR_REMOV$DEFAULTVIEW(1.0),20/06/22 23:00:00,A,TOTAL,RW_FW,THS_M3,UNBK,IT,2018,3844.46,ep
ESTAT:FOR_REMOV$DEFAULTVIEW(1.0),20/06/22 23:00:00,A,TOTAL,RW_FW,THS_M3,UNBK,IT,2019,3921.35,e
ESTAT:FOR_REMOV$DEFAULTVIEW(1.0),20/06/22 23:00:00,A,TOTAL,RW_FW,THS_M3,UNBK,IT,2020,3921.35,p
ESTAT:FOR_REMOV$DEFAULTVIEW(1.0),20/06/22 23:00:00,A,TOTAL,RW_FW,THS_M3,UNBK,LI,2011,18,
ESTAT:FOR_REMOV$DEFAULTVIEW(1.0),20/06/22 23:00:00,A,TOTAL,RW_FW,THS_M3,UNBK,LI,2012,16.14,
ESTAT:FOR_REMOV$DEFAULTVIEW(1.0),20/06/22 23:00:00,A,TOTAL,RW_FW,THS_M3,UNBK,LI,2013,4.89,
ESTAT:FOR_REMOV$DEFAULTVIEW(1.0),20/06/22 23:00:00,A,TOTAL,RW_FW,THS_M3,UNBK,LI,2014,4.92,
ESTAT:FOR_REMOV$DEFAULTVIEW(1.0),20/06/22 23:00:00,A,TOTAL,RW_FW,THS_M3,UNBK,LI,2015,3.7,
ESTAT:FOR_REMOV$DEFAULTVIEW(1.0),20/06/22 23:00:00,A,TOTAL,RW_FW,THS_M3,UNBK,LI,2016,4,
ESTAT:FOR_REMOV$DEFAULTVIEW(1.0),20/06/22 23:00:00,A,TOTAL,RW_FW,THS_M3,UNBK,LI,2017,3.68,
ESTAT:FOR_REMOV$DEFAULTVIEW(1.0),20/06/22 23:00:00,A,TOTAL,RW_FW,THS_M3,UNBK,LI,2018,4.14,
ESTAT:FOR_REMOV$DEFAULTVIEW(1.0),20/06/22 23:00:00,A,TOTAL,RW_FW,THS_M3,UNBK,LI,2019,3.78,
ESTAT:FOR_REMOV$DEFAULTVIEW(1.0),20/06/22 23:00:00,A,TOTAL,RW_FW,THS_M3,UNBK,LI,2020,2.45,
ESTAT:FOR_REMOV$DEFAULTVIEW(1.0),20/06/22 23:00:00,A,TOTAL,RW_FW,THS_M3,UNBK,LT,2011,1658,
ESTAT:FOR_REMOV$DEFAULTVIEW(1.0),20/06/22 23:00:00,A,TOTAL,RW_FW,THS_M3,UNBK,LT,2012,2200,
ESTAT:FOR_REMOV$DEFAULTVIEW(1.0),20/06/22 23:00:00,A,TOTAL,RW_FW,THS_M3,UNBK,LT,2013,2431,
ESTAT:FOR_REMOV$DEFAULTVIEW(1.0),20/06/22 23:00:00,A,TOTAL,RW_FW,THS_M3,UNBK,LT,2014,2316,
ESTAT:FOR_REMOV$DEFAULTVIEW(1.0),20/06/22 23:00:00,A,TOTAL,RW_FW,THS_M3,UNBK,LT,2015,2110,
ESTAT:FOR_REMOV$DEFAULTVIEW(1.0),20/06/22 23:00:00,A,TOTAL,RW_FW,THS_M3,UNBK,LT,2016,2085,
ESTAT:FOR_REMOV$DEFAULTVIEW(1.0),20/06/22 23:00:00,A,TOTAL,RW_FW,THS_M3,UNBK,LT,2017,2015,
ESTAT:FOR_REMOV$DEFAULTVIEW(1.0),20/06/22 23:00:00,A,TOTAL,RW_FW,THS_M3,UNBK,LT,2018,1749,
ESTAT:FOR_REMOV$DEFAULTVIEW(1.0),20/06/22 23:00:00,A,TOTAL,RW_FW,THS_M3,UNBK,LT,2019,1771,
ESTAT:FOR_REMOV$DEFAULTVIEW(1.0),20/06/22 23:00:00,A,TOTAL,RW_FW,THS_M3,UNBK,LT,2020,1994,
ESTAT:FOR_REMOV$DEFAULTVIEW(1.0),20/06/22 23:00:00,A,TOTAL,RW_FW,THS_M3,UNBK,LU,2015,69.54,
ESTAT:FOR_REMOV$DEFAULTVIEW(1.0),20/06/22 23:00:00,A,TOTAL,RW_FW,THS_M3,UNBK,LU,2016,76,
ESTAT:FOR_REMOV$DEFAULTVIEW(1.0),20/06/22 23:00:00,A,TOTAL,RW_FW,THS_M3,UNBK,LU,2017,69.83,e
ESTAT:FOR_REMOV$DEFAULTVIEW(1.0),20/06/22 23:00:00,A,TOTAL,RW_FW,THS_M3,UNBK,LU,2018,84.52,
ESTAT:FOR_REMOV$DEFAULTVIEW(1.0),20/06/22 23:00:00,A,TOTAL,RW_FW,THS_M3,UNBK,LU,2019,65.19,
ESTAT:FOR_REMOV$DEFAULTVIEW(1.0),20/06/22 23:00:00,A,TOTAL,RW_FW,THS_M3,UNBK,LU,2020,59,
ESTAT:FOR_REMOV$DEFAULTVIEW(1.0),20/06/22 23:00:00,A,TOTAL,RW_FW,THS_M3,UNBK,LV,2011,1184.38,
ESTAT:FOR_REMOV$DEFAULTVIEW(1.0),20/06/22 23:00:00,A,TOTAL,RW_FW,THS_M3,UNBK,LV,2012,1173,
ESTAT:FOR_REMOV$DEFAULTVIEW(1.0),20/06/22 23:00:00,A,TOTAL,RW_FW,THS_M3,UNBK,LV,2013,1258.3,
ESTAT:FOR_REMOV$DEFAULTVIEW(1.0),20/06/22 23:00:00,A,TOTAL,RW_FW,THS_M3,UNBK,LV,2014,1299,
ESTAT:FOR_REMOV$DEFAULTVIEW(1.0),20/06/22 23:00:00,A,TOTAL,RW_FW,THS_M3,UNBK,LV,2015,1200,
ESTAT:FOR_REMOV$DEFAULTVIEW(1.0),20/06/22 23:00:00,A,TOTAL,RW_FW,THS_M3,UNBK,LV,2016,1700,
ESTAT:FOR_REMOV$DEFAULTVIEW(1.0),20/06/22 23:00:00,A,TOTAL,RW_FW,THS_M3,UNBK,LV,2017,1900,
ESTAT:FOR_REMOV$DEFAULTVIEW(1.0),20/06/22 23:00:00,A,TOTAL,RW_FW,THS_M3,UNBK,LV,2018,2400,
ESTAT:FOR_REMOV$DEFAULTVIEW(1.0),20/06/22 23:00:00,A,TOTAL,RW_FW,THS_M3,UNBK,LV,2019,2555,
ESTAT:FOR_REMOV$DEFAULTVIEW(1.0),20/06/22 23:00:00,A,TOTAL,RW_FW,THS_M3,UNBK,LV,2020,2620,
ESTAT:FOR_REMOV$DEFAULTVIEW(1.0),20/06/22 23:00:00,A,TOTAL,RW_FW,THS_M3,UNBK,MT,2011,0,
ESTAT:FOR_REMOV$DEFAULTVIEW(1.0),20/06/22 23:00:00,A,TOTAL,RW_FW,THS_M3,UNBK,MT,2012,0,
ESTAT:FOR_REMOV$DEFAULTVIEW(1.0),20/06/22 23:00:00,A,TOTAL,RW_FW,THS_M3,UNBK,MT,2013,0,
ESTAT:FOR_REMOV$DEFAULTVIEW(1.0),20/06/22 23:00:00,A,TOTAL,RW_FW,THS_M3,UNBK,MT,2014,0,
ESTAT:FOR_REMOV$DEFAULTVIEW(1.0),20/06/22 23:00:00,A,TOTAL,RW_FW,THS_M3,UNBK,MT,2015,0,
ESTAT:FOR_REMOV$DEFAULTVIEW(1.0),20/06/22 23:00:00,A,TOTAL,RW_FW,THS_M3,UNBK,MT,2016,0,
ESTAT:FOR_REMOV$DEFAULTVIEW(1.0),20/06/22 23:00:00,A,TOTAL,RW_FW,THS_M3,UNBK,MT,2017,0,
ESTAT:FOR_REMOV$DEFAULTVIEW(1.0),20/06/22 23:00:00,A,TOTAL,RW_FW,THS_M3,UNBK,MT,2018,0,
ESTAT:FOR_REMOV$DEFAULTVIEW(1.0),20/06/22 23:00:00,A,TOTAL,RW_FW,THS_M3,UNBK,MT,2019,0,
ESTAT:FOR_REMOV$DEFAULTVIEW(1.0),20/06/22 23:00:00,A,TOTAL,RW_FW,THS_M3,UNBK,NL,2011,290,
ESTAT:FOR_REMOV$DEFAULTVIEW(1.0),20/06/22 23:00:00,A,TOTAL,RW_FW,THS_M3,UNBK,NL,2012,290,
ESTAT:FOR_REMOV$DEFAULTVIEW(1.0),20/06/22 23:00:00,A,TOTAL,RW_FW,THS_M3,UNBK,NL,2013,290,
ESTAT:FOR_REMOV$DEFAULTVIEW(1.0),20/06/22 23:00:00,A,TOTAL,RW_FW,THS_M3,UNBK,NL,2014,357,
ESTAT:FOR_REMOV$DEFAULTVIEW(1.0),20/06/22 23:00:00,A,TOTAL,RW_FW,THS_M3,UNBK,NL,2015,1397,
ESTAT:FOR_REMOV$DEFAULTVIEW(1.0),20/06/22 23:00:00,A,TOTAL,RW_FW,THS_M3,UNBK,NL,2016,2301,
ESTAT:FOR_REMOV$DEFAULTVIEW(1.0),20/06/22 23:00:00,A,TOTAL,RW_FW,THS_M3,UNBK,NL,2017,2332,
ESTAT:FOR_REMOV$DEFAULTVIEW(1.0),20/06/22 23:00:00,A,TOTAL,RW_FW,THS_M3,UNBK,NL,2018,2378,
ESTAT:FOR_REMOV$DEFAULTVIEW(1.0),20/06/22 23:00:00,A,TOTAL,RW_FW,THS_M3,UNBK,NL,2019,2325.7,
ESTAT:FOR_REMOV$DEFAULTVIEW(1.0),20/06/22 23:00:00,A,TOTAL,RW_FW,THS_M3,UNBK,NL,2020,2303.52,
ESTAT:FOR_REMOV$DEFAULTVIEW(1.0),20/06/22 23:00:00,A,TOTAL,RW_FW,THS_M3,UNBK,NO,2012,1784.74,
ESTAT:FOR_REMOV$DEFAULTVIEW(1.0),20/06/22 23:00:00,A,TOTAL,RW_FW,THS_M3,UNBK,NO,2013,2578.81,
ESTAT:FOR_REMOV$DEFAULTVIEW(1.0),20/06/22 23:00:00,A,TOTAL,RW_FW,THS_M3,UNBK,NO,2014,1568.15,
ESTAT:FOR_REMOV$DEFAULTVIEW(1.0),20/06/22 23:00:00,A,TOTAL,RW_FW,THS_M3,UNBK,NO,2015,1717.79,
ESTAT:FOR_REMOV$DEFAULTVIEW(1.0),20/06/22 23:00:00,A,TOTAL,RW_FW,THS_M3,UNBK,NO,2016,1724,e
ESTAT:FOR_REMOV$DEFAULTVIEW(1.0),20/06/22 23:00:00,A,TOTAL,RW_FW,THS_M3,UNBK,NO,2017,1829,e
ESTAT:FOR_REMOV$DEFAULTVIEW(1.0),20/06/22 23:00:00,A,TOTAL,RW_FW,THS_M3,UNBK,NO,2018,1661.28,e
ESTAT:FOR_REMOV$DEFAULTVIEW(1.0),20/06/22 23:00:00,A,TOTAL,RW_FW,THS_M3,UNBK,NO,2019,1529.73,e
ESTAT:FOR_REMOV$DEFAULTVIEW(1.0),20/06/22 23:00:00,A,TOTAL,RW_FW,THS_M3,UNBK,NO,2020,1508.2,e
ESTAT:FOR_REMOV$DEFAULTVIEW(1.0),20/06/22 23:00:00,A,TOTAL,RW_FW,THS_M3,UNBK,PL,2011,4979.78,
ESTAT:FOR_REMOV$DEFAULTVIEW(1.0),20/06/22 23:00:00,A,TOTAL,RW_FW,THS_M3,UNBK,PL,2012,5043.14,
ESTAT:FOR_REMOV$DEFAULTVIEW(1.0),20/06/22 23:00:00,A,TOTAL,RW_FW,THS_M3,UNBK,PL,2013,5145.35,
ESTAT:FOR_REMOV$DEFAULTVIEW(1.0),20/06/22 23:00:00,A,TOTAL,RW_FW,THS_M3,UNBK,PL,2014,5184.87,
ESTAT:FOR_REMOV$DEFAULTVIEW(1.0),20/06/22 23:00:00,A,TOTAL,RW_FW,THS_M3,UNBK,PL,2015,5496.51,
ESTAT:FOR_REMOV$DEFAULTVIEW(1.0),20/06/22 23:00:00,A,TOTAL,RW_FW,THS_M3,UNBK,PL,2016,5295,
ESTAT:FOR_REMOV$DEFAULTVIEW(1.0),20/06/22 23:00:00,A,TOTAL,RW_FW,THS_M3,UNBK,PL,2017,5248.21,
ESTAT:FOR_REMOV$DEFAULTVIEW(1.0),20/06/22 23:00:00,A,TOTAL,RW_FW,THS_M3,UNBK,PL,2018,5351.81,
ESTAT:FOR_REMOV$DEFAULTVIEW(1.0),20/06/22 23:00:00,A,TOTAL,RW_FW,THS_M3,UNBK,PL,2019,5068.9,
ESTAT:FOR_REMOV$DEFAULTVIEW(1.0),20/06/22 23:00:00,A,TOTAL,RW_FW,THS_M3,UNBK,PL,2020,4713.3,
ESTAT:FOR_REMOV$DEFAULTVIEW(1.0),20/06/22 23:00:00,A,TOTAL,RW_FW,THS_M3,UNBK,PT,2011,600,
ESTAT:FOR_REMOV$DEFAULTVIEW(1.0),20/06/22 23:00:00,A,TOTAL,RW_FW,THS_M3,UNBK,PT,2012,600,
ESTAT:FOR_REMOV$DEFAULTVIEW(1.0),20/06/22 23:00:00,A,TOTAL,RW_FW,THS_M3,UNBK,PT,2013,600,
ESTAT:FOR_REMOV$DEFAULTVIEW(1.0),20/06/22 23:00:00,A,TOTAL,RW_FW,THS_M3,UNBK,PT,2014,600,
ESTAT:FOR_REMOV$DEFAULTVIEW(1.0),20/06/22 23:00:00,A,TOTAL,RW_FW,THS_M3,UNBK,PT,2015,952.58,
ESTAT:FOR_REMOV$DEFAULTVIEW(1.0),20/06/22 23:00:00,A,TOTAL,RW_FW,THS_M3,UNBK,PT,2016,1092,
ESTAT:FOR_REMOV$DEFAULTVIEW(1.0),20/06/22 23:00:00,A,TOTAL,RW_FW,THS_M3,UNBK,PT,2017,1047.4,
ESTAT:FOR_REMOV$DEFAULTVIEW(1.0),20/06/22 23:00:00,A,TOTAL,RW_FW,THS_M3,UNBK,PT,2018,1287.23,
ESTAT:FOR_REMOV$DEFAULTVIEW(1.0),20/06/22 23:00:00,A,TOTAL,RW_FW,THS_M3,UNBK,PT,2019,1243.71,
ESTAT:FOR_REMOV$DEFAULTVIEW(1.0),20/06/22 23:00:00,A,TOTAL,RW_FW,THS_M3,UNBK,PT,2020,1618.14,
ESTAT:FOR_REMOV$DEFAULTVIEW(1.0),20/06/22 23:00:00,A,TOTAL,RW_FW,THS_M3,UNBK,RO,2011,4014.18,
ESTAT:FOR_REMOV$DEFAULTVIEW(1.0),20/06/22 23:00:00,A,TOTAL,RW_FW,THS_M3,UNBK,RO,2012,5037.58,
ESTAT:FOR_REMOV$DEFAULTVIEW(1.0),20/06/22 23:00:00,A,TOTAL,RW_FW,THS_M3,UNBK,RO,2013,5103.24,
ESTAT:FOR_REMOV$DEFAULTVIEW(1.0),20/06/22 23:00:00,A,TOTAL,RW_FW,THS_M3,UNBK,RO,2014,4859.29,
ESTAT:FOR_REMOV$DEFAULTVIEW(1.0),20/06/22 23:00:00,A,TOTAL,RW_FW,THS_M3,UNBK,RO,2015,5079.3,
ESTAT:FOR_REMOV$DEFAULTVIEW(1.0),20/06/22 23:00:00,A,TOTAL,RW_FW,THS_M3,UNBK,RO,2016,5164,
ESTAT:FOR_REMOV$DEFAULTVIEW(1.0),20/06/22 23:00:00,A,TOTAL,RW_FW,THS_M3,UNBK,RO,2017,4913.88,
ESTAT:FOR_REMOV$DEFAULTVIEW(1.0),20/06/22 23:00:00,A,TOTAL,RW_FW,THS_M3,UNBK,RO,2018,5553.11,
ESTAT:FOR_REMOV$DEFAULTVIEW(1.0),20/06/22 23:00:00,A,TOTAL,RW_FW,THS_M3,UNBK,RO,2019,5641.34,
ESTAT:FOR_REMOV$DEFAULTVIEW(1.0),20/06/22 23:00:00,A,TOTAL,RW_FW,THS_M3,UNBK,RO,2020,6419.85,
ESTAT:FOR_REMOV$DEFAULTVIEW(1.0),20/06/22 23:00:00,A,TOTAL,RW_FW,THS_M3,UNBK,SE,2011,5900,
ESTAT:FOR_REMOV$DEFAULTVIEW(1.0),20/06/22 23:00:00,A,TOTAL,RW_FW,THS_M3,UNBK,SE,2012,5900,
ESTAT:FOR_REMOV$DEFAULTVIEW(1.0),20/06/22 23:00:00,A,TOTAL,RW_FW,THS_M3,UNBK,SE,2013,5900,
ESTAT:FOR_REMOV$DEFAULTVIEW(1.0),20/06/22 23:00:00,A,TOTAL,RW_FW,THS_M3,UNBK,SE,2014,5900,
ESTAT:FOR_REMOV$DEFAULTVIEW(1.0),20/06/22 23:00:00,A,TOTAL,RW_FW,THS_M3,UNBK,SE,2015,7000,
ESTAT:FOR_REMOV$DEFAULTVIEW(1.0),20/06/22 23:00:00,A,TOTAL,RW_FW,THS_M3,UNBK,SE,2016,6900,
ESTAT:FOR_REMOV$DEFAULTVIEW(1.0),20/06/22 23:00:00,A,TOTAL,RW_FW,THS_M3,UNBK,SE,2017,6600,
ESTAT:FOR_REMOV$DEFAULTVIEW(1.0),20/06/22 23:00:00,A,TOTAL,RW_FW,THS_M3,UNBK,SE,2018,5466,
ESTAT:FOR_REMOV$DEFAULTVIEW(1.0),20/06/22 23:00:00,A,TOTAL,RW_FW,THS_M3,UNBK,SE,2019,5400,
ESTAT:FOR_REMOV$DEFAULTVIEW(1.0),20/06/22 23:00:00,A,TOTAL,RW_FW,THS_M3,UNBK,SE,2020,5400,p
ESTAT:FOR_REMOV$DEFAULTVIEW(1.0),20/06/22 23:00:00,A,TOTAL,RW_FW,THS_M3,UNBK,SI,2011,1336.17,
ESTAT:FOR_REMOV$DEFAULTVIEW(1.0),20/06/22 23:00:00,A,TOTAL,RW_FW,THS_M3,UNBK,SI,2012,1120.99,
ESTAT:FOR_REMOV$DEFAULTVIEW(1.0),20/06/22 23:00:00,A,TOTAL,RW_FW,THS_M3,UNBK,SI,2013,1127.02,
ESTAT:FOR_REMOV$DEFAULTVIEW(1.0),20/06/22 23:00:00,A,TOTAL,RW_FW,THS_M3,UNBK,SI,2014,1588.66,
ESTAT:FOR_REMOV$DEFAULTVIEW(1.0),20/06/22 23:00:00,A,TOTAL,RW_FW,THS_M3,UNBK,SI,2015,1242.23,
ESTAT:FOR_REMOV$DEFAULTVIEW(1.0),20/06/22 23:00:00,A,TOTAL,RW_FW,THS_M3,UNBK,SI,2016,1272,
ESTAT:FOR_REMOV$DEFAULTVIEW(1.0),20/06/22 23:00:00,A,TOTAL,RW_FW,THS_M3,UNBK,SI,2017,1038.84,
ESTAT:FOR_REMOV$DEFAULTVIEW(1.0),20/06/22 23:00:00,A,TOTAL,RW_FW,THS_M3,UNBK,SI,2018,1118.13,
ESTAT:FOR_REMOV$DEFAULTVIEW(1.0),20/06/22 23:00:00,A,TOTAL,RW_FW,THS_M3,UNBK,SI,2019,1116.97,
ESTAT:FOR_REMOV$DEFAULTVIEW(1.0),20/06/22 23:00:00,A,TOTAL,RW_FW,THS_M3,UNBK,SI,2020,1073.65,
ESTAT:FOR_REMOV$DEFAULTVIEW(1.0),20/06/22 23:00:00,A,TOTAL,RW_FW,THS_M3,UNBK,SK,2011,643,
ESTAT:FOR_REMOV$DEFAULTVIEW(1.0),20/06/22 23:00:00,A,TOTAL,RW_FW,THS_M3,UNBK,SK,2012,587.07,
ESTAT:FOR_REMOV$DEFAULTVIEW(1.0),20/06/22 23:00:00,A,TOTAL,RW_FW,THS_M3,UNBK,SK,2013,689.79,
ESTAT:FOR_REMOV$DEFAULTVIEW(1.0),20/06/22 23:00:00,A,TOTAL,RW_FW,THS_M3,UNBK,SK,2014,560.06,
ESTAT:FOR_REMOV$DEFAULTVIEW(1.0),20/06/22 23:00:00,A,TOTAL,RW_FW,THS_M3,UNBK,SK,2015,559.79,
ESTAT:FOR_REMOV$DEFAULTVIEW(1.0),20/06/22 23:00:00,A,TOTAL,RW_FW,THS_M3,UNBK,SK,2016,515,
ESTAT:FOR_REMOV$DEFAULTVIEW(1.0),20/06/22 23:00:00,A,TOTAL,RW_FW,THS_M3,UNBK,SK,2017,591.11,
ESTAT:FOR_REMOV$DEFAULTVIEW(1.0),20/06/22 23:00:00,A,TOTAL,RW_FW,THS_M3,UNBK,SK,2018,523.62,
ESTAT:FOR_REMOV$DEFAULTVIEW(1.0),20/06/22 23:00:00,A,TOTAL,RW_FW,THS_M3,UNBK,SK,2019,599.63,
ESTAT:FOR_REMOV$DEFAULTVIEW(1.0),20/06/22 23:00:00,A,TOTAL,RW_FW,THS_M3,UNBK,SK,2020,523.73,
ESTAT:FOR_REMOV$DEFAULTVIEW(1.0),20/06/22 23:00:00,A,TOTAL,RW_FW,THS_M3,UNBK,UK,2011,1233.8,
ESTAT:FOR_REMOV$DEFAULTVIEW(1.0),20/06/22 23:00:00,A,TOTAL,RW_FW,THS_M3,UNBK,UK,2012,1332,
ESTAT:FOR_REMOV$DEFAULTVIEW(1.0),20/06/22 23:00:00,A,TOTAL,RW_FW,THS_M3,UNBK,UK,2013,1577.5,
ESTAT:FOR_REMOV$DEFAULTVIEW(1.0),20/06/22 23:00:00,A,TOTAL,RW_FW,THS_M3,UNBK,UK,2014,1823,
ESTAT:FOR_REMOV$DEFAULTVIEW(1.0),20/06/22 23:00:00,A,TOTAL,RW_FW,THS_M3,UNBK,UK,2015,1921.2,
ESTAT:FOR_REMOV$DEFAULTVIEW(1.0),20/06/22 23:00:00,A,TOTAL,RW_FW,THS_M3,UNBK,UK,2016,1872,
ESTAT:FOR_REMOV$DEFAULTVIEW(1.0),20/06/22 23:00:00,A,TOTAL,RW_FW,THS_M3,UNBK,UK,2017,2096.2,
ESTAT:FOR_REMOV$DEFAULTVIEW(1.0),20/06/22 23:00:00,A,TOTAL,RW_FW,THS_M3,UNBK,UK,2018,2478.3,
ESTAT:FOR_REMOV$DEFAULTVIEW(1.0),20/06/22 23:00:00,A,TOTAL,RW_FW,THS_M3,UNBK,UK,2019,2478.3,
