DATAFLOW,LAST UPDATE,freq,crops,strucpro,geo,TIME_PERIOD,OBS_VALUE,OBS_FLAG
ESTAT:TAG00093(1.0),29/11/22 23:00:00,A,C1500,PR_HU_EU,AL,2011,349.36,
ESTAT:TAG00093(1.0),29/11/22 23:00:00,A,C1500,PR_HU_EU,AL,2012,343.26,
ESTAT:TAG00093(1.0),29/11/22 23:00:00,A,C1500,PR_HU_EU,AL,2014,380.00,
ESTAT:TAG00093(1.0),29/11/22 23:00:00,A,C1500,PR_HU_EU,AL,2015,380.00,
ESTAT:TAG00093(1.0),29/11/22 23:00:00,A,C1500,PR_HU_EU,AL,2016,379.70,
ESTAT:TAG00093(1.0),29/11/22 23:00:00,A,C1500,PR_HU_EU,AL,2017,381.10,
ESTAT:TAG00093(1.0),29/11/22 23:00:00,A,C1500,PR_HU_EU,AL,2018,391.10,
ESTAT:TAG00093(1.0),29/11/22 23:00:00,A,C1500,PR_HU_EU,AL,2019,389.00,
ESTAT:TAG00093(1.0),29/11/22 23:00:00,A,C1500,PR_HU_EU,AL,2020,399.13,
ESTAT:TAG00093(1.0),29/11/22 23:00:00,A,C1500,PR_HU_EU,AL,2021,414.30,
ESTAT:TAG00093(1.0),29/11/22 23:00:00,A,C1500,PR_HU_EU,AT,2011,2453.13,
ESTAT:TAG00093(1.0),29/11/22 23:00:00,A,C1500,PR_HU_EU,AT,2012,2351.37,
ESTAT:TAG00093(1.0),29/11/22 23:00:00,A,C1500,PR_HU_EU,AT,2013,1639.02,
ESTAT:TAG00093(1.0),29/11/22 23:00:00,A,C1500,PR_HU_EU,AT,2014,2334.39,
ESTAT:TAG00093(1.0),29/11/22 23:00:00,A,C1500,PR_HU_EU,AT,2015,1637.91,
ESTAT:TAG00093(1.0),29/11/22 23:00:00,A,C1500,PR_HU_EU,AT,2016,2179.59,
ESTAT:TAG00093(1.0),29/11/22 23:00:00,A,C1500,PR_HU_EU,AT,2017,2075.98,
ESTAT:TAG00093(1.0),29/11/22 23:00:00,A,C1500,PR_HU_EU,AT,2018,2130.34,
ESTAT:TAG00093(1.0),29/11/22 23:00:00,A,C1500,PR_HU_EU,AT,2019,2298.88,
ESTAT:TAG00093(1.0),29/11/22 23:00:00,A,C1500,PR_HU_EU,AT,2020,2411.93,
ESTAT:TAG00093(1.0),29/11/22 23:00:00,A,C1500,PR_HU_EU,AT,2021,2434.90,
ESTAT:TAG00093(1.0),29/11/22 23:00:00,A,C1500,PR_HU_EU,AT,2022,2088.16,
ESTAT:TAG00093(1.0),29/11/22 23:00:00,A,C1500,PR_HU_EU,BA,2011,773.00,e
ESTAT:TAG00093(1.0),29/11/22 23:00:00,A,C1500,PR_HU_EU,BA,2012,545.70,e
ESTAT:TAG00093(1.0),29/11/22 23:00:00,A,C1500,PR_HU_EU,BA,2013,807.78,e
ESTAT:TAG00093(1.0),29/11/22 23:00:00,A,C1500,PR_HU_EU,BA,2014,807.77,e
ESTAT:TAG00093(1.0),29/11/22 23:00:00,A,C1500,PR_HU_EU,BA,2015,794.97,e
ESTAT:TAG00093(1.0),29/11/22 23:00:00,A,C1500,PR_HU_EU,BA,2016,1192.13,e
ESTAT:TAG00093(1.0),29/11/22 23:00:00,A,C1500,PR_HU_EU,BA,2017,717.62,e
ESTAT:TAG00093(1.0),29/11/22 23:00:00,A,C1500,PR_HU_EU,BA,2018,1287.13,e
ESTAT:TAG00093(1.0),29/11/22 23:00:00,A,C1500,PR_HU_EU,BA,2019,1249.96,e
ESTAT:TAG00093(1.0),29/11/22 23:00:00,A,C1500,PR_HU_EU,BA,2020,1442.94,e
ESTAT:TAG00093(1.0),29/11/22 23:00:00,A,C1500,PR_HU_EU,BA,2021,903.51,e
ESTAT:TAG00093(1.0),29/11/22 23:00:00,A,C1500,PR_HU_EU,BE,2011,688.75,
ESTAT:TAG00093(1.0),29/11/22 23:00:00,A,C1500,PR_HU_EU,BE,2012,569.82,
ESTAT:TAG00093(1.0),29/11/22 23:00:00,A,C1500,PR_HU_EU,BE,2013,663.26,
ESTAT:TAG00093(1.0),29/11/22 23:00:00,A,C1500,PR_HU_EU,BE,2014,640.96,
ESTAT:TAG00093(1.0),29/11/22 23:00:00,A,C1500,PR_HU_EU,BE,2015,548.72,
ESTAT:TAG00093(1.0),29/11/22 23:00:00,A,C1500,PR_HU_EU,BE,2016,389.05,
ESTAT:TAG00093(1.0),29/11/22 23:00:00,A,C1500,PR_HU_EU,BE,2017,503.92,
ESTAT:TAG00093(1.0),29/11/22 23:00:00,A,C1500,PR_HU_EU,BE,2018,376.55,
ESTAT:TAG00093(1.0),29/11/22 23:00:00,A,C1500,PR_HU_EU,BE,2019,429.22,
ESTAT:TAG00093(1.0),29/11/22 23:00:00,A,C1500,PR_HU_EU,BE,2020,421.01,
ESTAT:TAG00093(1.0),29/11/22 23:00:00,A,C1500,PR_HU_EU,BE,2021,449.89,
ESTAT:TAG00093(1.0),29/11/22 23:00:00,A,C1500,PR_HU_EU,BE,2022,473.80,p
ESTAT:TAG00093(1.0),29/11/22 23:00:00,A,C1500,PR_HU_EU,BG,2011,2229.75,
ESTAT:TAG00093(1.0),29/11/22 23:00:00,A,C1500,PR_HU_EU,BG,2012,1757.75,
ESTAT:TAG00093(1.0),29/11/22 23:00:00,A,C1500,PR_HU_EU,BG,2013,2776.89,
ESTAT:TAG00093(1.0),29/11/22 23:00:00,A,C1500,PR_HU_EU,BG,2014,3141.13,
ESTAT:TAG00093(1.0),29/11/22 23:00:00,A,C1500,PR_HU_EU,BG,2015,2709.47,
ESTAT:TAG00093(1.0),29/11/22 23:00:00,A,C1500,PR_HU_EU,BG,2016,2277.86,
ESTAT:TAG00093(1.0),29/11/22 23:00:00,A,C1500,PR_HU_EU,BG,2017,2610.24,
ESTAT:TAG00093(1.0),29/11/22 23:00:00,A,C1500,PR_HU_EU,BG,2018,3522.50,
ESTAT:TAG00093(1.0),29/11/22 23:00:00,A,C1500,PR_HU_EU,BG,2019,4059.79,
ESTAT:TAG00093(1.0),29/11/22 23:00:00,A,C1500,PR_HU_EU,BG,2020,3014.09,
ESTAT:TAG00093(1.0),29/11/22 23:00:00,A,C1500,PR_HU_EU,BG,2021,3427.31,
ESTAT:TAG00093(1.0),29/11/22 23:00:00,A,C1500,PR_HU_EU,BG,2022,2558.14,
ESTAT:TAG00093(1.0),29/11/22 23:00:00,A,C1500,PR_HU_EU,CH,2011,153.05,
ESTAT:TAG00093(1.0),29/11/22 23:00:00,A,C1500,PR_HU_EU,CH,2012,150.69,
ESTAT:TAG00093(1.0),29/11/22 23:00:00,A,C1500,PR_HU_EU,CH,2013,147.79,
ESTAT:TAG00093(1.0),29/11/22 23:00:00,A,C1500,PR_HU_EU,CH,2014,140.08,
ESTAT:TAG00093(1.0),29/11/22 23:00:00,A,C1500,PR_HU_EU,CH,2015,96.54,
ESTAT:TAG00093(1.0),29/11/22 23:00:00,A,C1500,PR_HU_EU,CH,2016,146.09,
ESTAT:TAG00093(1.0),29/11/22 23:00:00,A,C1500,PR_HU_EU,CH,2017,164.34,
ESTAT:TAG00093(1.0),29/11/22 23:00:00,A,C1500,PR_HU_EU,CH,2018,136.42,
ESTAT:TAG00093(1.0),29/11/22 23:00:00,A,C1500,PR_HU_EU,CH,2019,176.66,
ESTAT:TAG00093(1.0),29/11/22 23:00:00,A,C1500,PR_HU_EU,CH,2020,222.25,
ESTAT:TAG00093(1.0),29/11/22 23:00:00,A,C1500,PR_HU_EU,CH,2021,99.36,
ESTAT:TAG00093(1.0),29/11/22 23:00:00,A,C1500,PR_HU_EU,CH,2022,179.13,e
ESTAT:TAG00093(1.0),29/11/22 23:00:00,A,C1500,PR_HU_EU,CY,2011,0.00,n
ESTAT:TAG00093(1.0),29/11/22 23:00:00,A,C1500,PR_HU_EU,CY,2012,0.00,n
ESTAT:TAG00093(1.0),29/11/22 23:00:00,A,C1500,PR_HU_EU,CY,2013,0.00,n
ESTAT:TAG00093(1.0),29/11/22 23:00:00,A,C1500,PR_HU_EU,CY,2014,0.00,n
ESTAT:TAG00093(1.0),29/11/22 23:00:00,A,C1500,PR_HU_EU,CY,2015,0.00,n
ESTAT:TAG00093(1.0),29/11/22 23:00:00,A,C1500,PR_HU_EU,CY,2016,0.00,n
ESTAT:TAG00093(1.0),29/11/22 23:00:00,A,C1500,PR_HU_EU,CY,2017,0.00,n
ESTAT:TAG00093(1.0),29/11/22 23:00:00,A,C1500,PR_HU_EU,CY,2018,0.00,n
ESTAT:TAG00093(1.0),29/11/22 23:00:00,A,C1500,PR_HU_EU,CY,2019,0.00,n
ESTAT:TAG00093(1.0),29/11/22 23:00:00,A,C1500,PR_HU_EU,CY,2020,0.00,n
ESTAT:TAG00093(1.0),29/11/22 23:00:00,A,C1500,PR_HU_EU,CY,2021,0.00,n
ESTAT:TAG00093(1.0),29/11/22 23:00:00,A,C1500,PR_HU_EU,CY,2022,0.00,n
ESTAT:TAG00093(1.0),29/11/22 23:00:00,A,C1500,PR_HU_EU,CZ,2011,1063.74,
ESTAT:TAG00093(1.0),29/11/22 23:00:00,A,C1500,PR_HU_EU,CZ,2012,928.15,
ESTAT:TAG00093(1.0),29/11/22 23:00:00,A,C1500,PR_HU_EU,CZ,2013,675.38,
ESTAT:TAG00093(1.0),29/11/22 23:00:00,A,C1500,PR_HU_EU,CZ,2014,832.24,
ESTAT:TAG00093(1.0),29/11/22 23:00:00,A,C1500,PR_HU_EU,CZ,2015,442.71,
ESTAT:TAG00093(1.0),29/11/22 23:00:00,A,C1500,PR_HU_EU,CZ,2016,845.77,d
ESTAT:TAG00093(1.0),29/11/22 23:00:00,A,C1500,PR_HU_EU,CZ,2017,588.11,d
ESTAT:TAG00093(1.0),29/11/22 23:00:00,A,C1500,PR_HU_EU,CZ,2018,489.15,d
ESTAT:TAG00093(1.0),29/11/22 23:00:00,A,C1500,PR_HU_EU,CZ,2019,620.26,d
ESTAT:TAG00093(1.0),29/11/22 23:00:00,A,C1500,PR_HU_EU,CZ,2020,825.50,d
ESTAT:TAG00093(1.0),29/11/22 23:00:00,A,C1500,PR_HU_EU,CZ,2021,988.04,d
ESTAT:TAG00093(1.0),29/11/22 23:00:00,A,C1500,PR_HU_EU,CZ,2022,603.85,d
ESTAT:TAG00093(1.0),29/11/22 23:00:00,A,C1500,PR_HU_EU,DE,2011,5183.60,
ESTAT:TAG00093(1.0),29/11/22 23:00:00,A,C1500,PR_HU_EU,DE,2012,5514.70,
ESTAT:TAG00093(1.0),29/11/22 23:00:00,A,C1500,PR_HU_EU,DE,2013,4387.30,
ESTAT:TAG00093(1.0),29/11/22 23:00:00,A,C1500,PR_HU_EU,DE,2014,5142.10,
ESTAT:TAG00093(1.0),29/11/22 23:00:00,A,C1500,PR_HU_EU,DE,2015,3973.00,
ESTAT:TAG00093(1.0),29/11/22 23:00:00,A,C1500,PR_HU_EU,DE,2016,4017.80,
ESTAT:TAG00093(1.0),29/11/22 23:00:00,A,C1500,PR_HU_EU,DE,2017,4547.60,
ESTAT:TAG00093(1.0),29/11/22 23:00:00,A,C1500,PR_HU_EU,DE,2018,3344.30,
ESTAT:TAG00093(1.0),29/11/22 23:00:00,A,C1500,PR_HU_EU,DE,2019,3664.80,
ESTAT:TAG00093(1.0),29/11/22 23:00:00,A,C1500,PR_HU_EU,DE,2020,4020.00,
ESTAT:TAG00093(1.0),29/11/22 23:00:00,A,C1500,PR_HU_EU,DE,2021,4462.40,
ESTAT:TAG00093(1.0),29/11/22 23:00:00,A,C1500,PR_HU_EU,DE,2022,3619.00,
ESTAT:TAG00093(1.0),29/11/22 23:00:00,A,C1500,PR_HU_EU,DK,2011,54.66,
ESTAT:TAG00093(1.0),29/11/22 23:00:00,A,C1500,PR_HU_EU,DK,2012,74.23,
ESTAT:TAG00093(1.0),29/11/22 23:00:00,A,C1500,PR_HU_EU,DK,2013,74.82,
ESTAT:TAG00093(1.0),29/11/22 23:00:00,A,C1500,PR_HU_EU,DK,2014,72.05,
ESTAT:TAG00093(1.0),29/11/22 23:00:00,A,C1500,PR_HU_EU,DK,2015,52.38,
ESTAT:TAG00093(1.0),29/11/22 23:00:00,A,C1500,PR_HU_EU,DK,2016,43.29,
ESTAT:TAG00093(1.0),29/11/22 23:00:00,A,C1500,PR_HU_EU,DK,2017,38.45,
ESTAT:TAG00093(1.0),29/11/22 23:00:00,A,C1500,PR_HU_EU,DK,2018,35.48,
ESTAT:TAG00093(1.0),29/11/22 23:00:00,A,C1500,PR_HU_EU,DK,2019,40.82,
ESTAT:TAG00093(1.0),29/11/22 23:00:00,A,C1500,PR_HU_EU,DK,2020,38.74,
ESTAT:TAG00093(1.0),29/11/22 23:00:00,A,C1500,PR_HU_EU,DK,2021,45.27,
ESTAT:TAG00093(1.0),29/11/22 23:00:00,A,C1500,PR_HU_EU,DK,2022,44.12,
ESTAT:TAG00093(1.0),29/11/22 23:00:00,A,C1500,PR_HU_EU,EE,2011,0.00,
ESTAT:TAG00093(1.0),29/11/22 23:00:00,A,C1500,PR_HU_EU,EE,2012,0.00,
ESTAT:TAG00093(1.0),29/11/22 23:00:00,A,C1500,PR_HU_EU,EE,2013,0.00,
ESTAT:TAG00093(1.0),29/11/22 23:00:00,A,C1500,PR_HU_EU,EE,2014,0.00,
ESTAT:TAG00093(1.0),29/11/22 23:00:00,A,C1500,PR_HU_EU,EE,2015,0.00,
ESTAT:TAG00093(1.0),29/11/22 23:00:00,A,C1500,PR_HU_EU,EE,2016,0.00,
ESTAT:TAG00093(1.0),29/11/22 23:00:00,A,C1500,PR_HU_EU,EE,2017,0.00,
ESTAT:TAG00093(1.0),29/11/22 23:00:00,A,C1500,PR_HU_EU,EE,2018,0.00,
ESTAT:TAG00093(1.0),29/11/22 23:00:00,A,C1500,PR_HU_EU,EE,2019,0.00,
ESTAT:TAG00093(1.0),29/11/22 23:00:00,A,C1500,PR_HU_EU,EE,2020,0.00,
ESTAT:TAG00093(1.0),29/11/22 23:00:00,A,C1500,PR_HU_EU,EE,2021,0.00,
ESTAT:TAG00093(1.0),29/11/22 23:00:00,A,C1500,PR_HU_EU,EE,2022,0.00,
ESTAT:TAG00093(1.0),29/11/22 23:00:00,A,C1500,PR_HU_EU,EL,2011,2292.81,
ESTAT:TAG00093(1.0),29/11/22 23:00:00,A,C1500,PR_HU_EU,EL,2012,2098.59,
ESTAT:TAG00093(1.0),29/11/22 23:00:00,A,C1500,PR_HU_EU,EL,2013,2240.04,
ESTAT:TAG00093(1.0),29/11/22 23:00:00,A,C1500,PR_HU_EU,EL,2014,1904.74,
ESTAT:TAG00093(1.0),29/11/22 23:00:00,A,C1500,PR_HU_EU,EL,2015,1610.45,
ESTAT:TAG00093(1.0),29/11/22 23:00:00,A,C1500,PR_HU_EU,EL,2016,1512.66,
ESTAT:TAG00093(1.0),29/11/22 23:00:00,A,C1500,PR_HU_EU,EL,2017,1306.51,
ESTAT:TAG00093(1.0),29/11/22 23:00:00,A,C1500,PR_HU_EU,EL,2018,1205.98,
ESTAT:TAG00093(1.0),29/11/22 23:00:00,A,C1500,PR_HU_EU,EL,2019,1233.62,
ESTAT:TAG00093(1.0),29/11/22 23:00:00,A,C1500,PR_HU_EU,EL,2020,1178.05,
ESTAT:TAG00093(1.0),29/11/22 23:00:00,A,C1500,PR_HU_EU,EL,2021,1322.94,
ESTAT:TAG00093(1.0),29/11/22 23:00:00,A,C1500,PR_HU_EU,EL,2022,1111.09,
ESTAT:TAG00093(1.0),29/11/22 23:00:00,A,C1500,PR_HU_EU,ES,2011,4199.93,
ESTAT:TAG00093(1.0),29/11/22 23:00:00,A,C1500,PR_HU_EU,ES,2012,4261.41,
ESTAT:TAG00093(1.0),29/11/22 23:00:00,A,C1500,PR_HU_EU,ES,2013,4888.46,
ESTAT:TAG00093(1.0),29/11/22 23:00:00,A,C1500,PR_HU_EU,ES,2014,4776.19,
ESTAT:TAG00093(1.0),29/11/22 23:00:00,A,C1500,PR_HU_EU,ES,2015,4564.42,
ESTAT:TAG00093(1.0),29/11/22 23:00:00,A,C1500,PR_HU_EU,ES,2016,4069.51,
ESTAT:TAG00093(1.0),29/11/22 23:00:00,A,C1500,PR_HU_EU,ES,2017,3775.65,
ESTAT:TAG00093(1.0),29/11/22 23:00:00,A,C1500,PR_HU_EU,ES,2018,3842.52,
ESTAT:TAG00093(1.0),29/11/22 23:00:00,A,C1500,PR_HU_EU,ES,2019,4184.46,
ESTAT:TAG00093(1.0),29/11/22 23:00:00,A,C1500,PR_HU_EU,ES,2020,4214.10,
ESTAT:TAG00093(1.0),29/11/22 23:00:00,A,C1500,PR_HU_EU,ES,2021,4597.66,
ESTAT:TAG00093(1.0),29/11/22 23:00:00,A,C1500,PR_HU_EU,ES,2022,3569.98,p
ESTAT:TAG00093(1.0),29/11/22 23:00:00,A,C1500,PR_HU_EU,EU,2011,68390.59,
ESTAT:TAG00093(1.0),29/11/22 23:00:00,A,C1500,PR_HU_EU,EU,2012,57813.50,
ESTAT:TAG00093(1.0),29/11/22 23:00:00,A,C1500,PR_HU_EU,EU,2013,64806.61,
ESTAT:TAG00093(1.0),29/11/22 23:00:00,A,C1500,PR_HU_EU,EU,2014,77312.15,
ESTAT:TAG00093(1.0),29/11/22 23:00:00,A,C1500,PR_HU_EU,EU,2015,58916.03,
ESTAT:TAG00093(1.0),29/11/22 23:00:00,A,C1500,PR_HU_EU,EU,2016,62736.77,
ESTAT:TAG00093(1.0),29/11/22 23:00:00,A,C1500,PR_HU_EU,EU,2017,64703.95,
ESTAT:TAG00093(1.0),29/11/22 23:00:00,A,C1500,PR_HU_EU,EU,2018,69036.44,
ESTAT:TAG00093(1.0),29/11/22 23:00:00,A,C1500,PR_HU_EU,EU,2019,70134.05,
ESTAT:TAG00093(1.0),29/11/22 23:00:00,A,C1500,PR_HU_EU,EU,2020,66998.03,
ESTAT:TAG00093(1.0),29/11/22 23:00:00,A,C1500,PR_HU_EU,EU,2021,72987.92,
ESTAT:TAG00093(1.0),29/11/22 23:00:00,A,C1500,PR_HU_EU,EU,2022,52689.68,
ESTAT:TAG00093(1.0),29/11/22 23:00:00,A,C1500,PR_HU_EU,EU27_2020,2011,70124.25,
ESTAT:TAG00093(1.0),29/11/22 23:00:00,A,C1500,PR_HU_EU,EU27_2020,2012,59040.85,
ESTAT:TAG00093(1.0),29/11/22 23:00:00,A,C1500,PR_HU_EU,EU27_2020,2013,66596.62,
ESTAT:TAG00093(1.0),29/11/22 23:00:00,A,C1500,PR_HU_EU,EU27_2020,2014,77312.15,
ESTAT:TAG00093(1.0),29/11/22 23:00:00,A,C1500,PR_HU_EU,EU27_2020,2015,58894.16,
ESTAT:TAG00093(1.0),29/11/22 23:00:00,A,C1500,PR_HU_EU,EU27_2020,2016,62717.01,
ESTAT:TAG00093(1.0),29/11/22 23:00:00,A,C1500,PR_HU_EU,EU27_2020,2017,64682.21,
ESTAT:TAG00093(1.0),29/11/22 23:00:00,A,C1500,PR_HU_EU,EU27_2020,2018,69004.81,
ESTAT:TAG00093(1.0),29/11/22 23:00:00,A,C1500,PR_HU_EU,EU27_2020,2019,70099.29,
ESTAT:TAG00093(1.0),29/11/22 23:00:00,A,C1500,PR_HU_EU,EU27_2020,2020,66998.03,
ESTAT:TAG00093(1.0),29/11/22 23:00:00,A,C1500,PR_HU_EU,EU27_2020,2021,72987.92,
ESTAT:TAG00093(1.0),29/11/22 23:00:00,A,C1500,PR_HU_EU,EU27_2020,2022,52689.68,
ESTAT:TAG00093(1.0),29/11/22 23:00:00,A,C1500,PR_HU_EU,EU28,2011,70124.25,
ESTAT:TAG00093(1.0),29/11/22 23:00:00,A,C1500,PR_HU_EU,EU28,2012,59111.09,
ESTAT:TAG00093(1.0),29/11/22 23:00:00,A,C1500,PR_HU_EU,EU28,2013,66680.98,
ESTAT:TAG00093(1.0),29/11/22 23:00:00,A,C1500,PR_HU_EU,EU28,2014,77312.15,
ESTAT:TAG00093(1.0),29/11/22 23:00:00,A,C1500,PR_HU_EU,EU28,2015,58916.03,
ESTAT:TAG00093(1.0),29/11/22 23:00:00,A,C1500,PR_HU_EU,EU28,2016,62736.77,
ESTAT:TAG00093(1.0),29/11/22 23:00:00,A,C1500,PR_HU_EU,EU28,2017,64703.95,
ESTAT:TAG00093(1.0),29/11/22 23:00:00,A,C1500,PR_HU_EU,EU28,2018,69036.44,
ESTAT:TAG00093(1.0),29/11/22 23:00:00,A,C1500,PR_HU_EU,EU28,2019,70134.05,
ESTAT:TAG00093(1.0),29/11/22 23:00:00,A,C1500,PR_HU_EU,FI,2011,0.00,
ESTAT:TAG00093(1.0),29/11/22 23:00:00,A,C1500,PR_HU_EU,FI,2012,0.00,
ESTAT:TAG00093(1.0),29/11/22 23:00:00,A,C1500,PR_HU_EU,FI,2013,0.00,
ESTAT:TAG00093(1.0),29/11/22 23:00:00,A,C1500,PR_HU_EU,FI,2014,0.00,
ESTAT:TAG00093(1.0),29/11/22 23:00:00,A,C1500,PR_HU_EU,FI,2015,0.00,n
ESTAT:TAG00093(1.0),29/11/22 23:00:00,A,C1500,PR_HU_EU,FI,2016,0.00,n
ESTAT:TAG00093(1.0),29/11/22 23:00:00,A,C1500,PR_HU_EU,FI,2017,0.00,n
ESTAT:TAG00093(1.0),29/11/22 23:00:00,A,C1500,PR_HU_EU,FI,2018,0.00,n
ESTAT:TAG00093(1.0),29/11/22 23:00:00,A,C1500,PR_HU_EU,FI,2019,0.00,n
ESTAT:TAG00093(1.0),29/11/22 23:00:00,A,C1500,PR_HU_EU,FI,2020,0.00,
ESTAT:TAG00093(1.0),29/11/22 23:00:00,A,C1500,PR_HU_EU,FI,2021,0.00,
ESTAT:TAG00093(1.0),29/11/22 23:00:00,A,C1500,PR_HU_EU,FI,2022,0.00,n
ESTAT:TAG00093(1.0),29/11/22 23:00:00,A,C1500,PR_HU_EU,FR,2011,15729.07,
ESTAT:TAG00093(1.0),29/11/22 23:00:00,A,C1500,PR_HU_EU,FR,2012,15214.50,
ESTAT:TAG00093(1.0),29/11/22 23:00:00,A,C1500,PR_HU_EU,FR,2013,14866.33,
ESTAT:TAG00093(1.0),29/11/22 23:00:00,A,C1500,PR_HU_EU,FR,2014,18130.03,
ESTAT:TAG00093(1.0),29/11/22 23:00:00,A,C1500,PR_HU_EU,FR,2015,13556.56,
ESTAT:TAG00093(1.0),29/11/22 23:00:00,A,C1500,PR_HU_EU,FR,2016,11702.06,
ESTAT:TAG00093(1.0),29/11/22 23:00:00,A,C1500,PR_HU_EU,FR,2017,14365.89,
ESTAT:TAG00093(1.0),29/11/22 23:00:00,A,C1500,PR_HU_EU,FR,2018,12580.43,
ESTAT:TAG00093(1.0),29/11/22 23:00:00,A,C1500,PR_HU_EU,FR,2019,12845.02,
ESTAT:TAG00093(1.0),29/11/22 23:00:00,A,C1500,PR_HU_EU,FR,2020,13419.14,
ESTAT:TAG00093(1.0),29/11/22 23:00:00,A,C1500,PR_HU_EU,FR,2021,15358.30,
ESTAT:TAG00093(1.0),29/11/22 23:00:00,A,C1500,PR_HU_EU,FR,2022,10871.01,
ESTAT:TAG00093(1.0),29/11/22 23:00:00,A,C1500,PR_HU_EU,HR,2011,1733.66,
ESTAT:TAG00093(1.0),29/11/22 23:00:00,A,C1500,PR_HU_EU,HR,2012,1297.59,
ESTAT:TAG00093(1.0),29/11/22 23:00:00,A,C1500,PR_HU_EU,HR,2013,1874.37,
ESTAT:TAG00093(1.0),29/11/22 23:00:00,A,C1500,PR_HU_EU,HR,2014,2046.97,
ESTAT:TAG00093(1.0),29/11/22 23:00:00,A,C1500,PR_HU_EU,HR,2015,1709.15,
ESTAT:TAG00093(1.0),29/11/22 23:00:00,A,C1500,PR_HU_EU,HR,2016,2154.47,
ESTAT:TAG00093(1.0),29/11/22 23:00:00,A,C1500,PR_HU_EU,HR,2017,1559.64,
ESTAT:TAG00093(1.0),29/11/22 23:00:00,A,C1500,PR_HU_EU,HR,2018,2147.28,
ESTAT:TAG00093(1.0),29/11/22 23:00:00,A,C1500,PR_HU_EU,HR,2019,2298.32,
ESTAT:TAG00093(1.0),29/11/22 23:00:00,A,C1500,PR_HU_EU,HR,2020,2430.60,
ESTAT:TAG00093(1.0),29/11/22 23:00:00,A,C1500,PR_HU_EU,HR,2021,2242.12,
ESTAT:TAG00093(1.0),29/11/22 23:00:00,A,C1500,PR_HU_EU,HR,2022,1512.00,
ESTAT:TAG00093(1.0),29/11/22 23:00:00,A,C1500,PR_HU_EU,HU,2011,7899.51,
ESTAT:TAG00093(1.0),29/11/22 23:00:00,A,C1500,PR_HU_EU,HU,2012,4707.33,
ESTAT:TAG00093(1.0),29/11/22 23:00:00,A,C1500,PR_HU_EU,HU,2013,6677.87,
ESTAT:TAG00093(1.0),29/11/22 23:00:00,A,C1500,PR_HU_EU,HU,2014,9260.95,
ESTAT:TAG00093(1.0),29/11/22 23:00:00,A,C1500,PR_HU_EU,HU,2015,6594.22,
ESTAT:TAG00093(1.0),29/11/22 23:00:00,A,C1500,PR_HU_EU,HU,2016,8679.16,
ESTAT:TAG00093(1.0),29/11/22 23:00:00,A,C1500,PR_HU_EU,HU,2017,6700.00,
ESTAT:TAG00093(1.0),29/11/22 23:00:00,A,C1500,PR_HU_EU,HU,2018,7930.56,
ESTAT:TAG00093(1.0),29/11/22 23:00:00,A,C1500,PR_HU_EU,HU,2019,8229.69,
ESTAT:TAG00093(1.0),29/11/22 23:00:00,A,C1500,PR_HU_EU,HU,2020,8365.43,
ESTAT:TAG00093(1.0),29/11/22 23:00:00,A,C1500,PR_HU_EU,HU,2021,6424.63,
ESTAT:TAG00093(1.0),29/11/22 23:00:00,A,C1500,PR_HU_EU,HU,2022,3115.75,
ESTAT:TAG00093(1.0),29/11/22 23:00:00,A,C1500,PR_HU_EU,IE,2011,0.00,
ESTAT:TAG00093(1.0),29/11/22 23:00:00,A,C1500,PR_HU_EU,IE,2012,0.00,
ESTAT:TAG00093(1.0),29/11/22 23:00:00,A,C1500,PR_HU_EU,IE,2013,0.00,
ESTAT:TAG00093(1.0),29/11/22 23:00:00,A,C1500,PR_HU_EU,IE,2014,0.00,
ESTAT:TAG00093(1.0),29/11/22 23:00:00,A,C1500,PR_HU_EU,IE,2015,0.00,
ESTAT:TAG00093(1.0),29/11/22 23:00:00,A,C1500,PR_HU_EU,IE,2016,0.00,
ESTAT:TAG00093(1.0),29/11/22 23:00:00,A,C1500,PR_HU_EU,IE,2017,0.00,
ESTAT:TAG00093(1.0),29/11/22 23:00:00,A,C1500,PR_HU_EU,IE,2018,0.00,
ESTAT:TAG00093(1.0),29/11/22 23:00:00,A,C1500,PR_HU_EU,IE,2019,0.00,
ESTAT:TAG00093(1.0),29/11/22 23:00:00,A,C1500,PR_HU_EU,IE,2020,0.00,
ESTAT:TAG00093(1.0),29/11/22 23:00:00,A,C1500,PR_HU_EU,IE,2021,0.00,
ESTAT:TAG00093(1.0),29/11/22 23:00:00,A,C1500,PR_HU_EU,IE,2022,0.00,
ESTAT:TAG00093(1.0),29/11/22 23:00:00,A,C1500,PR_HU_EU,IS,2011,0.00,
ESTAT:TAG00093(1.0),29/11/22 23:00:00,A,C1500,PR_HU_EU,IS,2012,0.00,
ESTAT:TAG00093(1.0),29/11/22 23:00:00,A,C1500,PR_HU_EU,IS,2013,0.00,
ESTAT:TAG00093(1.0),29/11/22 23:00:00,A,C1500,PR_HU_EU,IS,2014,0.00,e
ESTAT:TAG00093(1.0),29/11/22 23:00:00,A,C1500,PR_HU_EU,IS,2015,0.00,n
ESTAT:TAG00093(1.0),29/11/22 23:00:00,A,C1500,PR_HU_EU,IS,2016,0.00,
ESTAT:TAG00093(1.0),29/11/22 23:00:00,A,C1500,PR_HU_EU,IS,2017,0.00,
ESTAT:TAG00093(1.0),29/11/22 23:00:00,A,C1500,PR_HU_EU,IS,2018,0.00,n
ESTAT:TAG00093(1.0),29/11/22 23:00:00,A,C1500,PR_HU_EU,IS,2019,0.00,
ESTAT:TAG00093(1.0),29/11/22 23:00:00,A,C1500,PR_HU_EU,IS,2020,0.00,
ESTAT:TAG00093(1.0),29/11/22 23:00:00,A,C1500,PR_HU_EU,IS,2021,0.00,n
ESTAT:TAG00093(1.0),29/11/22 23:00:00,A,C1500,PR_HU_EU,IS,2022,0.00,
ESTAT:TAG00093(1.0),29/11/22 23:00:00,A,C1500,PR_HU_EU,IT,2011,9639.19,
ESTAT:TAG00093(1.0),29/11/22 23:00:00,A,C1500,PR_HU_EU,IT,2012,7796.94,
ESTAT:TAG00093(1.0),29/11/22 23:00:00,A,C1500,PR_HU_EU,IT,2013,7946.46,
ESTAT:TAG00093(1.0),29/11/22 23:00:00,A,C1500,PR_HU_EU,IT,2014,9278.02,
ESTAT:TAG00093(1.0),29/11/22 23:00:00,A,C1500,PR_HU_EU,IT,2015,7086.09,
ESTAT:TAG00093(1.0),29/11/22 23:00:00,A,C1500,PR_HU_EU,IT,2016,6861.77,
ESTAT:TAG00093(1.0),29/11/22 23:00:00,A,C1500,PR_HU_EU,IT,2017,6068.19,
ESTAT:TAG00093(1.0),29/11/22 23:00:00,A,C1500,PR_HU_EU,IT,2018,6199.15,
ESTAT:TAG00093(1.0),29/11/22 23:00:00,A,C1500,PR_HU_EU,IT,2019,6279.12,
ESTAT:TAG00093(1.0),29/11/22 23:00:00,A,C1500,PR_HU_EU,IT,2020,6793.13,
ESTAT:TAG00093(1.0),29/11/22 23:00:00,A,C1500,PR_HU_EU,IT,2021,6079.96,
ESTAT:TAG00093(1.0),29/11/22 23:00:00,A,C1500,PR_HU_EU,IT,2022,5196.71,
ESTAT:TAG00093(1.0),29/11/22 23:00:00,A,C1500,PR_HU_EU,LT,2011,71.90,
ESTAT:TAG00093(1.0),29/11/22 23:00:00,A,C1500,PR_HU_EU,LT,2012,78.80,
ESTAT:TAG00093(1.0),29/11/22 23:00:00,A,C1500,PR_HU_EU,LT,2013,127.20,
ESTAT:TAG00093(1.0),29/11/22 23:00:00,A,C1500,PR_HU_EU,LT,2014,115.00,
ESTAT:TAG00093(1.0),29/11/22 23:00:00,A,C1500,PR_HU_EU,LT,2015,56.34,
ESTAT:TAG00093(1.0),29/11/22 23:00:00,A,C1500,PR_HU_EU,LT,2016,86.23,
ESTAT:TAG00093(1.0),29/11/22 23:00:00,A,C1500,PR_HU_EU,LT,2017,56.97,
ESTAT:TAG00093(1.0),29/11/22 23:00:00,A,C1500,PR_HU_EU,LT,2018,87.59,
ESTAT:TAG00093(1.0),29/11/22 23:00:00,A,C1500,PR_HU_EU,LT,2019,97.97,
ESTAT:TAG00093(1.0),29/11/22 23:00:00,A,C1500,PR_HU_EU,LT,2020,141.69,
ESTAT:TAG00093(1.0),29/11/22 23:00:00,A,C1500,PR_HU_EU,LT,2021,104.68,
ESTAT:TAG00093(1.0),29/11/22 23:00:00,A,C1500,PR_HU_EU,LT,2022,137.40,
ESTAT:TAG00093(1.0),29/11/22 23:00:00,A,C1500,PR_HU_EU,LU,2011,1.90,
ESTAT:TAG00093(1.0),29/11/22 23:00:00,A,C1500,PR_HU_EU,LU,2012,1.32,
ESTAT:TAG00093(1.0),29/11/22 23:00:00,A,C1500,PR_HU_EU,LU,2013,1.77,
ESTAT:TAG00093(1.0),29/11/22 23:00:00,A,C1500,PR_HU_EU,LU,2014,1.36,
ESTAT:TAG00093(1.0),29/11/22 23:00:00,A,C1500,PR_HU_EU,LU,2015,0.76,
ESTAT:TAG00093(1.0),29/11/22 23:00:00,A,C1500,PR_HU_EU,LU,2016,0.68,
ESTAT:TAG00093(1.0),29/11/22 23:00:00,A,C1500,PR_HU_EU,LU,2017,0.57,
ESTAT:TAG00093(1.0),29/11/22 23:00:00,A,C1500,PR_HU_EU,LU,2018,0.46,
ESTAT:TAG00093(1.0),29/11/22 23:00:00,A,C1500,PR_HU_EU,LU,2019,0.66,
ESTAT:TAG00093(1.0),29/11/22 23:00:00,A,C1500,PR_HU_EU,LU,2020,0.66,
ESTAT:TAG00093(1.0),29/11/22 23:00:00,A,C1500,PR_HU_EU,LU,2021,0.46,
ESTAT:TAG00093(1.0),29/11/22 23:00:00,A,C1500,PR_HU_EU,LU,2022,0.88,
ESTAT:TAG00093(1.0),29/11/22 23:00:00,A,C1500,PR_HU_EU,LV,2011,0.00,
ESTAT:TAG00093(1.0),29/11/22 23:00:00,A,C1500,PR_HU_EU,LV,2012,0.00,
ESTAT:TAG00093(1.0),29/11/22 23:00:00,A,C1500,PR_HU_EU,LV,2013,0.00,
ESTAT:TAG00093(1.0),29/11/22 23:00:00,A,C1500,PR_HU_EU,LV,2014,0.00,
ESTAT:TAG00093(1.0),29/11/22 23:00:00,A,C1500,PR_HU_EU,LV,2015,0.00,
ESTAT:TAG00093(1.0),29/11/22 23:00:00,A,C1500,PR_HU_EU,LV,2016,0.00,
ESTAT:TAG00093(1.0),29/11/22 23:00:00,A,C1500,PR_HU_EU,LV,2017,0.00,
ESTAT:TAG00093(1.0),29/11/22 23:00:00,A,C1500,PR_HU_EU,LV,2018,0.00,
ESTAT:TAG00093(1.0),29/11/22 23:00:00,A,C1500,PR_HU_EU,LV,2019,0.00,
ESTAT:TAG00093(1.0),29/11/22 23:00:00,A,C1500,PR_HU_EU,LV,2020,0.00,
ESTAT:TAG00093(1.0),29/11/22 23:00:00,A,C1500,PR_HU_EU,LV,2021,0.00,
ESTAT:TAG00093(1.0),29/11/22 23:00:00,A,C1500,PR_HU_EU,LV,2022,0.00,
ESTAT:TAG00093(1.0),29/11/22 23:00:00,A,C1500,PR_HU_EU,ME,2011,2.58,
ESTAT:TAG00093(1.0),29/11/22 23:00:00,A,C1500,PR_HU_EU,ME,2012,1.90,
ESTAT:TAG00093(1.0),29/11/22 23:00:00,A,C1500,PR_HU_EU,ME,2013,2.98,
ESTAT:TAG00093(1.0),29/11/22 23:00:00,A,C1500,PR_HU_EU,ME,2014,3.34,
ESTAT:TAG00093(1.0),29/11/22 23:00:00,A,C1500,PR_HU_EU,ME,2015,2.73,
ESTAT:TAG00093(1.0),29/11/22 23:00:00,A,C1500,PR_HU_EU,ME,2016,2.68,p
ESTAT:TAG00093(1.0),29/11/22 23:00:00,A,C1500,PR_HU_EU,ME,2017,2.74,p
ESTAT:TAG00093(1.0),29/11/22 23:00:00,A,C1500,PR_HU_EU,ME,2018,2.77,p
ESTAT:TAG00093(1.0),29/11/22 23:00:00,A,C1500,PR_HU_EU,ME,2019,2.81,p
ESTAT:TAG00093(1.0),29/11/22 23:00:00,A,C1500,PR_HU_EU,ME,2020,2.58,p
ESTAT:TAG00093(1.0),29/11/22 23:00:00,A,C1500,PR_HU_EU,ME,2021,2.66,p
ESTAT:TAG00093(1.0),29/11/22 23:00:00,A,C1500,PR_HU_EU,MK,2011,130.07,
ESTAT:TAG00093(1.0),29/11/22 23:00:00,A,C1500,PR_HU_EU,MK,2012,119.51,
ESTAT:TAG00093(1.0),29/11/22 23:00:00,A,C1500,PR_HU_EU,MK,2013,136.06,
ESTAT:TAG00093(1.0),29/11/22 23:00:00,A,C1500,PR_HU_EU,MK,2014,141.04,
ESTAT:TAG00093(1.0),29/11/22 23:00:00,A,C1500,PR_HU_EU,MK,2015,137.79,
ESTAT:TAG00093(1.0),29/11/22 23:00:00,A,C1500,PR_HU_EU,MK,2016,148.74,
ESTAT:TAG00093(1.0),29/11/22 23:00:00,A,C1500,PR_HU_EU,MK,2017,124.44,
ESTAT:TAG00093(1.0),29/11/22 23:00:00,A,C1500,PR_HU_EU,MK,2018,192.94,
ESTAT:TAG00093(1.0),29/11/22 23:00:00,A,C1500,PR_HU_EU,MK,2019,149.78,
ESTAT:TAG00093(1.0),29/11/22 23:00:00,A,C1500,PR_HU_EU,MK,2020,151.43,
ESTAT:TAG00093(1.0),29/11/22 23:00:00,A,C1500,PR_HU_EU,MK,2021,135.59,
ESTAT:TAG00093(1.0),29/11/22 23:00:00,A,C1500,PR_HU_EU,MK,2022,144.14,e
ESTAT:TAG00093(1.0),29/11/22 23:00:00,A,C1500,PR_HU_EU,MT,2011,0.00,
ESTAT:TAG00093(1.0),29/11/22 23:00:00,A,C1500,PR_HU_EU,MT,2012,0.00,
ESTAT:TAG00093(1.0),29/11/22 23:00:00,A,C1500,PR_HU_EU,MT,2013,0.00,
ESTAT:TAG00093(1.0),29/11/22 23:00:00,A,C1500,PR_HU_EU,MT,2014,0.00,
ESTAT:TAG00093(1.0),29/11/22 23:00:00,A,C1500,PR_HU_EU,MT,2015,0.00,
ESTAT:TAG00093(1.0),29/11/22 23:00:00,A,C1500,PR_HU_EU,MT,2016,0.00,
ESTAT:TAG00093(1.0),29/11/22 23:00:00,A,C1500,PR_HU_EU,MT,2017,0.00,
ESTAT:TAG00093(1.0),29/11/22 23:00:00,A,C1500,PR_HU_EU,MT,2018,0.00,
ESTAT:TAG00093(1.0),29/11/22 23:00:00,A,C1500,PR_HU_EU,MT,2019,0.00,
ESTAT:TAG00093(1.0),29/11/22 23:00:00,A,C1500,PR_HU_EU,MT,2020,0.00,
ESTAT:TAG00093(1.0),29/11/22 23:00:00,A,C1500,PR_HU_EU,MT,2021,0.00,
ESTAT:TAG00093(1.0),29/11/22 23:00:00,A,C1500,PR_HU_EU,MT,2022,0.00,
ESTAT:TAG00093(1.0),29/11/22 23:00:00,A,C1500,PR_HU_EU,NL,2011,194.98,
ESTAT:TAG00093(1.0),29/11/22 23:00:00,A,C1500,PR_HU_EU,NL,2012,197.82,
ESTAT:TAG00093(1.0),29/11/22 23:00:00,A,C1500,PR_HU_EU,NL,2013,196.22,
ESTAT:TAG00093(1.0),29/11/22 23:00:00,A,C1500,PR_HU_EU,NL,2014,190.69,
ESTAT:TAG00093(1.0),29/11/22 23:00:00,A,C1500,PR_HU_EU,NL,2015,131.21,
ESTAT:TAG00093(1.0),29/11/22 23:00:00,A,C1500,PR_HU_EU,NL,2016,107.80,
ESTAT:TAG00093(1.0),29/11/22 23:00:00,A,C1500,PR_HU_EU,NL,2017,131.73,
ESTAT:TAG00093(1.0),29/11/22 23:00:00,A,C1500,PR_HU_EU,NL,2018,89.28,
ESTAT:TAG00093(1.0),29/11/22 23:00:00,A,C1500,PR_HU_EU,NL,2019,148.30,
ESTAT:TAG00093(1.0),29/11/22 23:00:00,A,C1500,PR_HU_EU,NL,2020,165.79,
ESTAT:TAG00093(1.0),29/11/22 23:00:00,A,C1500,PR_HU_EU,NL,2021,171.42,
ESTAT:TAG00093(1.0),29/11/22 23:00:00,A,C1500,PR_HU_EU,NL,2022,152.76,
ESTAT:TAG00093(1.0),29/11/22 23:00:00,A,C1500,PR_HU_EU,NO,2014,0.00,n
ESTAT:TAG00093(1.0),29/11/22 23:00:00,A,C1500,PR_HU_EU,NO,2015,0.00,n
ESTAT:TAG00093(1.0),29/11/22 23:00:00,A,C1500,PR_HU_EU,NO,2017,0.00,n
ESTAT:TAG00093(1.0),29/11/22 23:00:00,A,C1500,PR_HU_EU,NO,2018,0.00,n
ESTAT:TAG00093(1.0),29/11/22 23:00:00,A,C1500,PR_HU_EU,NO,2019,0.00,n
ESTAT:TAG00093(1.0),29/11/22 23:00:00,A,C1500,PR_HU_EU,NO,2020,0.00,n
ESTAT:TAG00093(1.0),29/11/22 23:00:00,A,C1500,PR_HU_EU,NO,2021,0.00,n
ESTAT:TAG00093(1.0),29/11/22 23:00:00,A,C1500,PR_HU_EU,NO,2022,0.00,n
ESTAT:TAG00093(1.0),29/11/22 23:00:00,A,C1500,PR_HU_EU,PL,2011,2350.38,
ESTAT:TAG00093(1.0),29/11/22 23:00:00,A,C1500,PR_HU_EU,PL,2012,3926.20,
ESTAT:TAG00093(1.0),29/11/22 23:00:00,A,C1500,PR_HU_EU,PL,2013,3969.24,
ESTAT:TAG00093(1.0),29/11/22 23:00:00,A,C1500,PR_HU_EU,PL,2014,4387.86,
ESTAT:TAG00093(1.0),29/11/22 23:00:00,A,C1500,PR_HU_EU,PL,2015,3097.48,
ESTAT:TAG00093(1.0),29/11/22 23:00:00,A,C1500,PR_HU_EU,PL,2016,4262.10,
ESTAT:TAG00093(1.0),29/11/22 23:00:00,A,C1500,PR_HU_EU,PL,2017,3946.77,
ESTAT:TAG00093(1.0),29/11/22 23:00:00,A,C1500,PR_HU_EU,PL,2018,3792.14,
ESTAT:TAG00093(1.0),29/11/22 23:00:00,A,C1500,PR_HU_EU,PL,2019,3664.55,
ESTAT:TAG00093(1.0),29/11/22 23:00:00,A,C1500,PR_HU_EU,PL,2020,6694.37,
ESTAT:TAG00093(1.0),29/11/22 23:00:00,A,C1500,PR_HU_EU,PL,2021,7321.91,
ESTAT:TAG00093(1.0),29/11/22 23:00:00,A,C1500,PR_HU_EU,PL,2022,8510.95,e
ESTAT:TAG00093(1.0),29/11/22 23:00:00,A,C1500,PR_HU_EU,PT,2011,810.27,
ESTAT:TAG00093(1.0),29/11/22 23:00:00,A,C1500,PR_HU_EU,PT,2012,848.66,
ESTAT:TAG00093(1.0),29/11/22 23:00:00,A,C1500,PR_HU_EU,PT,2013,929.54,
ESTAT:TAG00093(1.0),29/11/22 23:00:00,A,C1500,PR_HU_EU,PT,2014,896.99,
ESTAT:TAG00093(1.0),29/11/22 23:00:00,A,C1500,PR_HU_EU,PT,2015,827.54,
ESTAT:TAG00093(1.0),29/11/22 23:00:00,A,C1500,PR_HU_EU,PT,2016,710.63,
ESTAT:TAG00093(1.0),29/11/22 23:00:00,A,C1500,PR_HU_EU,PT,2017,745.12,
ESTAT:TAG00093(1.0),29/11/22 23:00:00,A,C1500,PR_HU_EU,PT,2018,713.86,
ESTAT:TAG00093(1.0),29/11/22 23:00:00,A,C1500,PR_HU_EU,PT,2019,755.13,
ESTAT:TAG00093(1.0),29/11/22 23:00:00,A,C1500,PR_HU_EU,PT,2020,682.09,
ESTAT:TAG00093(1.0),29/11/22 23:00:00,A,C1500,PR_HU_EU,PT,2021,752.49,
ESTAT:TAG00093(1.0),29/11/22 23:00:00,A,C1500,PR_HU_EU,PT,2022,671.81,p
ESTAT:TAG00093(1.0),29/11/22 23:00:00,A,C1500,PR_HU_EU,RO,2011,11717.59,
ESTAT:TAG00093(1.0),29/11/22 23:00:00,A,C1500,PR_HU_EU,RO,2012,5953.35,
ESTAT:TAG00093(1.0),29/11/22 23:00:00,A,C1500,PR_HU_EU,RO,2013,11305.10,
ESTAT:TAG00093(1.0),29/11/22 23:00:00,A,C1500,PR_HU_EU,RO,2014,11988.55,
ESTAT:TAG00093(1.0),29/11/22 23:00:00,A,C1500,PR_HU_EU,RO,2015,9021.40,
ESTAT:TAG00093(1.0),29/11/22 23:00:00,A,C1500,PR_HU_EU,RO,2016,10746.39,
ESTAT:TAG00093(1.0),29/11/22 23:00:00,A,C1500,PR_HU_EU,RO,2017,14326.10,
ESTAT:TAG00093(1.0),29/11/22 23:00:00,A,C1500,PR_HU_EU,RO,2018,18663.94,
ESTAT:TAG00093(1.0),29/11/22 23:00:00,A,C1500,PR_HU_EU,RO,2019,17432.22,
ESTAT:TAG00093(1.0),29/11/22 23:00:00,A,C1500,PR_HU_EU,RO,2020,10096.69,
ESTAT:TAG00093(1.0),29/11/22 23:00:00,A,C1500,PR_HU_EU,RO,2021,14820.69,
ESTAT:TAG00093(1.0),29/11/22 23:00:00,A,C1500,PR_HU_EU,RO,2022,7450.95,
ESTAT:TAG00093(1.0),29/11/22 23:00:00,A,C1500,PR_HU_EU,RS,2011,6479.60,
ESTAT:TAG00093(1.0),29/11/22 23:00:00,A,C1500,PR_HU_EU,RS,2012,3532.60,
ESTAT:TAG00093(1.0),29/11/22 23:00:00,A,C1500,PR_HU_EU,RS,2013,5864.40,
ESTAT:TAG00093(1.0),29/11/22 23:00:00,A,C1500,PR_HU_EU,RS,2014,7951.60,
ESTAT:TAG00093(1.0),29/11/22 23:00:00,A,C1500,PR_HU_EU,RS,2015,5454.80,
ESTAT:TAG00093(1.0),29/11/22 23:00:00,A,C1500,PR_HU_EU,RS,2016,7377.00,
ESTAT:TAG00093(1.0),29/11/22 23:00:00,A,C1500,PR_HU_EU,RS,2017,4018.40,
ESTAT:TAG00093(1.0),29/11/22 23:00:00,A,C1500,PR_HU_EU,RS,2018,6964.77,
ESTAT:TAG00093(1.0),29/11/22 23:00:00,A,C1500,PR_HU_EU,RS,2019,7344.54,
ESTAT:TAG00093(1.0),29/11/22 23:00:00,A,C1500,PR_HU_EU,RS,2020,7872.61,
ESTAT:TAG00093(1.0),29/11/22 23:00:00,A,C1500,PR_HU_EU,RS,2021,6027.13,
ESTAT:TAG00093(1.0),29/11/22 23:00:00,A,C1500,PR_HU_EU,RS,2022,4523.04,
ESTAT:TAG00093(1.0),29/11/22 23:00:00,A,C1500,PR_HU_EU,SE,2011,16.00,
ESTAT:TAG00093(1.0),29/11/22 23:00:00,A,C1500,PR_HU_EU,SE,2012,14.60,
ESTAT:TAG00093(1.0),29/11/22 23:00:00,A,C1500,PR_HU_EU,SE,2013,7.40,
ESTAT:TAG00093(1.0),29/11/22 23:00:00,A,C1500,PR_HU_EU,SE,2014,7.10,
ESTAT:TAG00093(1.0),29/11/22 23:00:00,A,C1500,PR_HU_EU,SE,2015,6.40,
ESTAT:TAG00093(1.0),29/11/22 23:00:00,A,C1500,PR_HU_EU,SE,2016,13.80,
ESTAT:TAG00093(1.0),29/11/22 23:00:00,A,C1500,PR_HU_EU,SE,2017,8.80,
ESTAT:TAG00093(1.0),29/11/22 23:00:00,A,C1500,PR_HU_EU,SE,2018,4.60,
ESTAT:TAG00093(1.0),29/11/22 23:00:00,A,C1500,PR_HU_EU,SE,2019,11.30,
ESTAT:TAG00093(1.0),29/11/22 23:00:00,A,C1500,PR_HU_EU,SE,2020,12.50,
ESTAT:TAG00093(1.0),29/11/22 23:00:00,A,C1500,PR_HU_EU,SE,2021,14.90,
ESTAT:TAG00093(1.0),29/11/22 23:00:00,A,C1500,PR_HU_EU,SE,2022,7.00,
ESTAT:TAG00093(1.0),29/11/22 23:00:00,A,C1500,PR_HU_EU,SI,2011,349.03,
ESTAT:TAG00093(1.0),29/11/22 23:00:00,A,C1500,PR_HU_EU,SI,2012,277.36,
ESTAT:TAG00093(1.0),29/11/22 23:00:00,A,C1500,PR_HU_EU,SI,2013,226.63,
ESTAT:TAG00093(1.0),29/11/22 23:00:00,A,C1500,PR_HU_EU,SI,2014,350.73,
ESTAT:TAG00093(1.0),29/11/22 23:00:00,A,C1500,PR_HU_EU,SI,2015,338.71,
ESTAT:TAG00093(1.0),29/11/22 23:00:00,A,C1500,PR_HU_EU,SI,2016,346.21,
ESTAT:TAG00093(1.0),29/11/22 23:00:00,A,C1500,PR_HU_EU,SI,2017,272.18,
ESTAT:TAG00093(1.0),29/11/22 23:00:00,A,C1500,PR_HU_EU,SI,2018,350.49,
ESTAT:TAG00093(1.0),29/11/22 23:00:00,A,C1500,PR_HU_EU,SI,2019,360.36,
ESTAT:TAG00093(1.0),29/11/22 23:00:00,A,C1500,PR_HU_EU,SI,2020,429.85,
ESTAT:TAG00093(1.0),29/11/22 23:00:00,A,C1500,PR_HU_EU,SI,2021,388.83,
ESTAT:TAG00093(1.0),29/11/22 23:00:00,A,C1500,PR_HU_EU,SI,2022,262.76,
ESTAT:TAG00093(1.0),29/11/22 23:00:00,A,C1500,PR_HU_EU,SK,2011,1444.40,
ESTAT:TAG00093(1.0),29/11/22 23:00:00,A,C1500,PR_HU_EU,SK,2012,1170.35,
ESTAT:TAG00093(1.0),29/11/22 23:00:00,A,C1500,PR_HU_EU,SK,2013,1123.31,
ESTAT:TAG00093(1.0),29/11/22 23:00:00,A,C1500,PR_HU_EU,SK,2014,1814.11,
ESTAT:TAG00093(1.0),29/11/22 23:00:00,A,C1500,PR_HU_EU,SK,2015,929.23,
ESTAT:TAG00093(1.0),29/11/22 23:00:00,A,C1500,PR_HU_EU,SK,2016,1710.18,
ESTAT:TAG00093(1.0),29/11/22 23:00:00,A,C1500,PR_HU_EU,SK,2017,1053.79,
ESTAT:TAG00093(1.0),29/11/22 23:00:00,A,C1500,PR_HU_EU,SK,2018,1498.21,
ESTAT:TAG00093(1.0),29/11/22 23:00:00,A,C1500,PR_HU_EU,SK,2019,1444.81,
ESTAT:TAG00093(1.0),29/11/22 23:00:00,A,C1500,PR_HU_EU,SK,2020,1642.67,
ESTAT:TAG00093(1.0),29/11/22 23:00:00,A,C1500,PR_HU_EU,SK,2021,1579.12,
ESTAT:TAG00093(1.0),29/11/22 23:00:00,A,C1500,PR_HU_EU,SK,2022,731.55,
ESTAT:TAG00093(1.0),29/11/22 23:00:00,A,C1500,PR_HU_EU,TR,2011,4200.00,
ESTAT:TAG00093(1.0),29/11/22 23:00:00,A,C1500,PR_HU_EU,TR,2012,4600.00,
ESTAT:TAG00093(1.0),29/11/22 23:00:00,A,C1500,PR_HU_EU,TR,2013,5900.00,
ESTAT:TAG00093(1.0),29/11/22 23:00:00,A,C1500,PR_HU_EU,TR,2014,5950.00,
ESTAT:TAG00093(1.0),29/11/22 23:00:00,A,C1500,PR_HU_EU,TR,2015,6400.00,
ESTAT:TAG00093(1.0),29/11/22 23:00:00,A,C1500,PR_HU_EU,TR,2016,6191.63,
ESTAT:TAG00093(1.0),29/11/22 23:00:00,A,C1500,PR_HU_EU,TR,2017,5707.91,
ESTAT:TAG00093(1.0),29/11/22 23:00:00,A,C1500,PR_HU_EU,TR,2018,5481.28,
ESTAT:TAG00093(1.0),29/11/22 23:00:00,A,C1500,PR_HU_EU,TR,2019,5825.58,
ESTAT:TAG00093(1.0),29/11/22 23:00:00,A,C1500,PR_HU_EU,TR,2020,6311.05,
ESTAT:TAG00093(1.0),29/11/22 23:00:00,A,C1500,PR_HU_EU,TR,2021,6554.75,
ESTAT:TAG00093(1.0),29/11/22 23:00:00,A,C1500,PR_HU_EU,UK,2011,0.00,
ESTAT:TAG00093(1.0),29/11/22 23:00:00,A,C1500,PR_HU_EU,UK,2012,70.24,
ESTAT:TAG00093(1.0),29/11/22 23:00:00,A,C1500,PR_HU_EU,UK,2013,84.37,
ESTAT:TAG00093(1.0),29/11/22 23:00:00,A,C1500,PR_HU_EU,UK,2014,0.00,
ESTAT:TAG00093(1.0),29/11/22 23:00:00,A,C1500,PR_HU_EU,UK,2015,21.87,
ESTAT:TAG00093(1.0),29/11/22 23:00:00,A,C1500,PR_HU_EU,UK,2016,19.77,
ESTAT:TAG00093(1.0),29/11/22 23:00:00,A,C1500,PR_HU_EU,UK,2017,21.74,
ESTAT:TAG00093(1.0),29/11/22 23:00:00,A,C1500,PR_HU_EU,UK,2018,31.63,
ESTAT:TAG00093(1.0),29/11/22 23:00:00,A,C1500,PR_HU_EU,UK,2019,34.76,
ESTAT:TAG00093(1.0),29/11/22 23:00:00,A,C1500,PR_HU_EU,UK,2020,35.55,p
ESTAT:TAG00093(1.0),29/11/22 23:00:00,A,C1500,PR_HU_EU,XK,2011,119.70,
ESTAT:TAG00093(1.0),29/11/22 23:00:00,A,C1500,PR_HU_EU,XK,2012,86.30,
ESTAT:TAG00093(1.0),29/11/22 23:00:00,A,C1500,PR_HU_EU,XK,2013,136.60,
ESTAT:TAG00093(1.0),29/11/22 23:00:00,A,C1500,PR_HU_EU,XK,2014,119.80,e
ESTAT:TAG00093(1.0),29/11/22 23:00:00,A,C1500,PR_HU_EU,XK,2015,131.50,
ESTAT:TAG00093(1.0),29/11/22 23:00:00,A,C1500,PR_HU_EU,XK,2016,186.60,
ESTAT:TAG00093(1.0),29/11/22 23:00:00,A,C1500,PR_HU_EU,XK,2017,147.20,
ESTAT:TAG00093(1.0),29/11/22 23:00:00,A,C1500,PR_HU_EU,XK,2018,151.90,
ESTAT:TAG00093(1.0),29/11/22 23:00:00,A,C1500,PR_HU_EU,XK,2019,163.90,
ESTAT:TAG00093(1.0),29/11/22 23:00:00,A,C1500,PR_HU_EU,XK,2020,175.18,
ESTAT:TAG00093(1.0),29/11/22 23:00:00,A,C1500,PR_HU_EU,XK,2021,170.39,
