DATAFLOW,LAST UPDATE,freq,unit,hazard,nace_r2,waste,geo,TIME_PERIOD,OBS_VALUE,OBS_FLAG
ESTAT:TEN00108(1.0),13/09/22 11:00:00,A,T,HAZ_NHAZ,TOTAL_HH,TOTAL,AT,2004,53020950,
ESTAT:TEN00108(1.0),13/09/22 11:00:00,A,T,HAZ_NHAZ,TOTAL_HH,TOTAL,AT,2006,54286603,
ESTAT:TEN00108(1.0),13/09/22 11:00:00,A,T,HAZ_NHAZ,TOTAL_HH,TOTAL,AT,2008,56308766,
ESTAT:TEN00108(1.0),13/09/22 11:00:00,A,T,HAZ_NHAZ,TOTAL_HH,TOTAL,AT,2010,46799579,
ESTAT:TEN00108(1.0),13/09/22 11:00:00,A,T,HAZ_NHAZ,TOTAL_HH,TOTAL,AT,2012,48045089,
ESTAT:TEN00108(1.0),13/09/22 11:00:00,A,T,HAZ_NHAZ,TOTAL_HH,TOTAL,AT,2014,55868298,
ESTAT:TEN00108(1.0),13/09/22 11:00:00,A,T,HAZ_NHAZ,TOTAL_HH,TOTAL,AT,2016,61225037,
ESTAT:TEN00108(1.0),13/09/22 11:00:00,A,T,HAZ_NHAZ,TOTAL_HH,TOTAL,AT,2018,65666128,
ESTAT:TEN00108(1.0),13/09/22 11:00:00,A,T,HAZ_NHAZ,TOTAL_HH,TOTAL,AT,2020,68906034,
ESTAT:TEN00108(1.0),13/09/22 11:00:00,A,T,HAZ_NHAZ,TOTAL_HH,TOTAL,BA,2012,4456556,
ESTAT:TEN00108(1.0),13/09/22 11:00:00,A,T,HAZ_NHAZ,TOTAL_HH,TOTAL,BA,2014,5540772,
ESTAT:TEN00108(1.0),13/09/22 11:00:00,A,T,HAZ_NHAZ,TOTAL_HH,TOTAL,BA,2016,6127022,
ESTAT:TEN00108(1.0),13/09/22 11:00:00,A,T,HAZ_NHAZ,TOTAL_HH,TOTAL,BA,2018,6747605,
ESTAT:TEN00108(1.0),13/09/22 11:00:00,A,T,HAZ_NHAZ,TOTAL_HH,TOTAL,BA,2020,6753458,
ESTAT:TEN00108(1.0),13/09/22 11:00:00,A,T,HAZ_NHAZ,TOTAL_HH,TOTAL,BE,2004,52809345,
ESTAT:TEN00108(1.0),13/09/22 11:00:00,A,T,HAZ_NHAZ,TOTAL_HH,TOTAL,BE,2006,59351721,e
ESTAT:TEN00108(1.0),13/09/22 11:00:00,A,T,HAZ_NHAZ,TOTAL_HH,TOTAL,BE,2008,48621916,
ESTAT:TEN00108(1.0),13/09/22 11:00:00,A,T,HAZ_NHAZ,TOTAL_HH,TOTAL,BE,2010,61345803,
ESTAT:TEN00108(1.0),13/09/22 11:00:00,A,T,HAZ_NHAZ,TOTAL_HH,TOTAL,BE,2012,53839470,
ESTAT:TEN00108(1.0),13/09/22 11:00:00,A,T,HAZ_NHAZ,TOTAL_HH,TOTAL,BE,2014,57965392,
ESTAT:TEN00108(1.0),13/09/22 11:00:00,A,T,HAZ_NHAZ,TOTAL_HH,TOTAL,BE,2016,63152384,
ESTAT:TEN00108(1.0),13/09/22 11:00:00,A,T,HAZ_NHAZ,TOTAL_HH,TOTAL,BE,2018,68187479,
ESTAT:TEN00108(1.0),13/09/22 11:00:00,A,T,HAZ_NHAZ,TOTAL_HH,TOTAL,BE,2020,68061590,
ESTAT:TEN00108(1.0),13/09/22 11:00:00,A,T,HAZ_NHAZ,TOTAL_HH,TOTAL,BG,2004,201020467,
ESTAT:TEN00108(1.0),13/09/22 11:00:00,A,T,HAZ_NHAZ,TOTAL_HH,TOTAL,BG,2006,162881368,
ESTAT:TEN00108(1.0),13/09/22 11:00:00,A,T,HAZ_NHAZ,TOTAL_HH,TOTAL,BG,2008,167646316,
ESTAT:TEN00108(1.0),13/09/22 11:00:00,A,T,HAZ_NHAZ,TOTAL_HH,TOTAL,BG,2010,167396268,
ESTAT:TEN00108(1.0),13/09/22 11:00:00,A,T,HAZ_NHAZ,TOTAL_HH,TOTAL,BG,2012,161252166,
ESTAT:TEN00108(1.0),13/09/22 11:00:00,A,T,HAZ_NHAZ,TOTAL_HH,TOTAL,BG,2014,179677011,
ESTAT:TEN00108(1.0),13/09/22 11:00:00,A,T,HAZ_NHAZ,TOTAL_HH,TOTAL,BG,2016,120508475,
ESTAT:TEN00108(1.0),13/09/22 11:00:00,A,T,HAZ_NHAZ,TOTAL_HH,TOTAL,BG,2018,129751823,
ESTAT:TEN00108(1.0),13/09/22 11:00:00,A,T,HAZ_NHAZ,TOTAL_HH,TOTAL,BG,2020,116387350,
ESTAT:TEN00108(1.0),13/09/22 11:00:00,A,T,HAZ_NHAZ,TOTAL_HH,TOTAL,CY,2004,2241520,
ESTAT:TEN00108(1.0),13/09/22 11:00:00,A,T,HAZ_NHAZ,TOTAL_HH,TOTAL,CY,2006,1248723,
ESTAT:TEN00108(1.0),13/09/22 11:00:00,A,T,HAZ_NHAZ,TOTAL_HH,TOTAL,CY,2008,1842781,
ESTAT:TEN00108(1.0),13/09/22 11:00:00,A,T,HAZ_NHAZ,TOTAL_HH,TOTAL,CY,2010,2372750,
ESTAT:TEN00108(1.0),13/09/22 11:00:00,A,T,HAZ_NHAZ,TOTAL_HH,TOTAL,CY,2012,1875308,
ESTAT:TEN00108(1.0),13/09/22 11:00:00,A,T,HAZ_NHAZ,TOTAL_HH,TOTAL,CY,2014,1978699,
ESTAT:TEN00108(1.0),13/09/22 11:00:00,A,T,HAZ_NHAZ,TOTAL_HH,TOTAL,CY,2016,2467042,
ESTAT:TEN00108(1.0),13/09/22 11:00:00,A,T,HAZ_NHAZ,TOTAL_HH,TOTAL,CY,2018,2302144,
ESTAT:TEN00108(1.0),13/09/22 11:00:00,A,T,HAZ_NHAZ,TOTAL_HH,TOTAL,CY,2020,2219531,
ESTAT:TEN00108(1.0),13/09/22 11:00:00,A,T,HAZ_NHAZ,TOTAL_HH,TOTAL,CZ,2004,29275743,
ESTAT:TEN00108(1.0),13/09/22 11:00:00,A,T,HAZ_NHAZ,TOTAL_HH,TOTAL,CZ,2006,24745752,
ESTAT:TEN00108(1.0),13/09/22 11:00:00,A,T,HAZ_NHAZ,TOTAL_HH,TOTAL,CZ,2008,25419695,
ESTAT:TEN00108(1.0),13/09/22 11:00:00,A,T,HAZ_NHAZ,TOTAL_HH,TOTAL,CZ,2010,23757566,
ESTAT:TEN00108(1.0),13/09/22 11:00:00,A,T,HAZ_NHAZ,TOTAL_HH,TOTAL,CZ,2012,23171358,
ESTAT:TEN00108(1.0),13/09/22 11:00:00,A,T,HAZ_NHAZ,TOTAL_HH,TOTAL,CZ,2014,23394956,
ESTAT:TEN00108(1.0),13/09/22 11:00:00,A,T,HAZ_NHAZ,TOTAL_HH,TOTAL,CZ,2016,25381426,
ESTAT:TEN00108(1.0),13/09/22 11:00:00,A,T,HAZ_NHAZ,TOTAL_HH,TOTAL,CZ,2018,37847614,b
ESTAT:TEN00108(1.0),13/09/22 11:00:00,A,T,HAZ_NHAZ,TOTAL_HH,TOTAL,CZ,2020,38486186,
ESTAT:TEN00108(1.0),13/09/22 11:00:00,A,T,HAZ_NHAZ,TOTAL_HH,TOTAL,DE,2004,364021937,
ESTAT:TEN00108(1.0),13/09/22 11:00:00,A,T,HAZ_NHAZ,TOTAL_HH,TOTAL,DE,2006,363786069,
ESTAT:TEN00108(1.0),13/09/22 11:00:00,A,T,HAZ_NHAZ,TOTAL_HH,TOTAL,DE,2008,372796355,
ESTAT:TEN00108(1.0),13/09/22 11:00:00,A,T,HAZ_NHAZ,TOTAL_HH,TOTAL,DE,2010,363544995,
ESTAT:TEN00108(1.0),13/09/22 11:00:00,A,T,HAZ_NHAZ,TOTAL_HH,TOTAL,DE,2012,368022172,
ESTAT:TEN00108(1.0),13/09/22 11:00:00,A,T,HAZ_NHAZ,TOTAL_HH,TOTAL,DE,2014,387504241,
ESTAT:TEN00108(1.0),13/09/22 11:00:00,A,T,HAZ_NHAZ,TOTAL_HH,TOTAL,DE,2016,400071672,
ESTAT:TEN00108(1.0),13/09/22 11:00:00,A,T,HAZ_NHAZ,TOTAL_HH,TOTAL,DE,2018,405523624,
ESTAT:TEN00108(1.0),13/09/22 11:00:00,A,T,HAZ_NHAZ,TOTAL_HH,TOTAL,DE,2020,401156266,
ESTAT:TEN00108(1.0),13/09/22 11:00:00,A,T,HAZ_NHAZ,TOTAL_HH,TOTAL,DK,2004,12588952,
ESTAT:TEN00108(1.0),13/09/22 11:00:00,A,T,HAZ_NHAZ,TOTAL_HH,TOTAL,DK,2006,14703138,
ESTAT:TEN00108(1.0),13/09/22 11:00:00,A,T,HAZ_NHAZ,TOTAL_HH,TOTAL,DK,2008,15155208,
ESTAT:TEN00108(1.0),13/09/22 11:00:00,A,T,HAZ_NHAZ,TOTAL_HH,TOTAL,DK,2010,16217736,
ESTAT:TEN00108(1.0),13/09/22 11:00:00,A,T,HAZ_NHAZ,TOTAL_HH,TOTAL,DK,2012,16713822,
ESTAT:TEN00108(1.0),13/09/22 11:00:00,A,T,HAZ_NHAZ,TOTAL_HH,TOTAL,DK,2014,20808843,
ESTAT:TEN00108(1.0),13/09/22 11:00:00,A,T,HAZ_NHAZ,TOTAL_HH,TOTAL,DK,2016,20981931,
ESTAT:TEN00108(1.0),13/09/22 11:00:00,A,T,HAZ_NHAZ,TOTAL_HH,TOTAL,DK,2018,21445206,
ESTAT:TEN00108(1.0),13/09/22 11:00:00,A,T,HAZ_NHAZ,TOTAL_HH,TOTAL,DK,2020,20135564,
ESTAT:TEN00108(1.0),13/09/22 11:00:00,A,T,HAZ_NHAZ,TOTAL_HH,TOTAL,EE,2004,20860680,
ESTAT:TEN00108(1.0),13/09/22 11:00:00,A,T,HAZ_NHAZ,TOTAL_HH,TOTAL,EE,2006,18932903,
ESTAT:TEN00108(1.0),13/09/22 11:00:00,A,T,HAZ_NHAZ,TOTAL_HH,TOTAL,EE,2008,19583855,
ESTAT:TEN00108(1.0),13/09/22 11:00:00,A,T,HAZ_NHAZ,TOTAL_HH,TOTAL,EE,2010,19000195,
ESTAT:TEN00108(1.0),13/09/22 11:00:00,A,T,HAZ_NHAZ,TOTAL_HH,TOTAL,EE,2012,21992343,
ESTAT:TEN00108(1.0),13/09/22 11:00:00,A,T,HAZ_NHAZ,TOTAL_HH,TOTAL,EE,2014,21804040,
ESTAT:TEN00108(1.0),13/09/22 11:00:00,A,T,HAZ_NHAZ,TOTAL_HH,TOTAL,EE,2016,24277879,
ESTAT:TEN00108(1.0),13/09/22 11:00:00,A,T,HAZ_NHAZ,TOTAL_HH,TOTAL,EE,2018,23185581,
ESTAT:TEN00108(1.0),13/09/22 11:00:00,A,T,HAZ_NHAZ,TOTAL_HH,TOTAL,EE,2020,16181973,
ESTAT:TEN00108(1.0),13/09/22 11:00:00,A,T,HAZ_NHAZ,TOTAL_HH,TOTAL,EL,2004,33346962,
ESTAT:TEN00108(1.0),13/09/22 11:00:00,A,T,HAZ_NHAZ,TOTAL_HH,TOTAL,EL,2006,51324662,
ESTAT:TEN00108(1.0),13/09/22 11:00:00,A,T,HAZ_NHAZ,TOTAL_HH,TOTAL,EL,2008,68643963,
ESTAT:TEN00108(1.0),13/09/22 11:00:00,A,T,HAZ_NHAZ,TOTAL_HH,TOTAL,EL,2010,70432705,
ESTAT:TEN00108(1.0),13/09/22 11:00:00,A,T,HAZ_NHAZ,TOTAL_HH,TOTAL,EL,2012,72328280,
ESTAT:TEN00108(1.0),13/09/22 11:00:00,A,T,HAZ_NHAZ,TOTAL_HH,TOTAL,EL,2014,69758868,
ESTAT:TEN00108(1.0),13/09/22 11:00:00,A,T,HAZ_NHAZ,TOTAL_HH,TOTAL,EL,2016,72332353,
ESTAT:TEN00108(1.0),13/09/22 11:00:00,A,T,HAZ_NHAZ,TOTAL_HH,TOTAL,EL,2018,45538685,
ESTAT:TEN00108(1.0),13/09/22 11:00:00,A,T,HAZ_NHAZ,TOTAL_HH,TOTAL,EL,2020,24556622,p
ESTAT:TEN00108(1.0),13/09/22 11:00:00,A,T,HAZ_NHAZ,TOTAL_HH,TOTAL,ES,2004,160668134,
ESTAT:TEN00108(1.0),13/09/22 11:00:00,A,T,HAZ_NHAZ,TOTAL_HH,TOTAL,ES,2006,160946629,
ESTAT:TEN00108(1.0),13/09/22 11:00:00,A,T,HAZ_NHAZ,TOTAL_HH,TOTAL,ES,2008,149254157,
ESTAT:TEN00108(1.0),13/09/22 11:00:00,A,T,HAZ_NHAZ,TOTAL_HH,TOTAL,ES,2010,137518902,
ESTAT:TEN00108(1.0),13/09/22 11:00:00,A,T,HAZ_NHAZ,TOTAL_HH,TOTAL,ES,2012,118561669,
ESTAT:TEN00108(1.0),13/09/22 11:00:00,A,T,HAZ_NHAZ,TOTAL_HH,TOTAL,ES,2014,110518494,
ESTAT:TEN00108(1.0),13/09/22 11:00:00,A,T,HAZ_NHAZ,TOTAL_HH,TOTAL,ES,2016,128958523,
ESTAT:TEN00108(1.0),13/09/22 11:00:00,A,T,HAZ_NHAZ,TOTAL_HH,TOTAL,ES,2018,137822935,
ESTAT:TEN00108(1.0),13/09/22 11:00:00,A,T,HAZ_NHAZ,TOTAL_HH,TOTAL,ES,2020,105931860,
ESTAT:TEN00108(1.0),13/09/22 11:00:00,A,T,HAZ_NHAZ,TOTAL_HH,TOTAL,EU27_2020,2004,2248790000,
ESTAT:TEN00108(1.0),13/09/22 11:00:00,A,T,HAZ_NHAZ,TOTAL_HH,TOTAL,EU27_2020,2006,2276120000,
ESTAT:TEN00108(1.0),13/09/22 11:00:00,A,T,HAZ_NHAZ,TOTAL_HH,TOTAL,EU27_2020,2008,2144780000,
ESTAT:TEN00108(1.0),13/09/22 11:00:00,A,T,HAZ_NHAZ,TOTAL_HH,TOTAL,EU27_2020,2010,2212900000,
ESTAT:TEN00108(1.0),13/09/22 11:00:00,A,T,HAZ_NHAZ,TOTAL_HH,TOTAL,EU27_2020,2012,2242540000,
ESTAT:TEN00108(1.0),13/09/22 11:00:00,A,T,HAZ_NHAZ,TOTAL_HH,TOTAL,EU27_2020,2014,2243790000,
ESTAT:TEN00108(1.0),13/09/22 11:00:00,A,T,HAZ_NHAZ,TOTAL_HH,TOTAL,EU27_2020,2016,2258910000,
ESTAT:TEN00108(1.0),13/09/22 11:00:00,A,T,HAZ_NHAZ,TOTAL_HH,TOTAL,EU27_2020,2018,2338530000,
ESTAT:TEN00108(1.0),13/09/22 11:00:00,A,T,HAZ_NHAZ,TOTAL_HH,TOTAL,EU27_2020,2020,2150950000,s
ESTAT:TEN00108(1.0),13/09/22 11:00:00,A,T,HAZ_NHAZ,TOTAL_HH,TOTAL,EU28,2004,2547590000,
ESTAT:TEN00108(1.0),13/09/22 11:00:00,A,T,HAZ_NHAZ,TOTAL_HH,TOTAL,EU28,2006,2567270000,
ESTAT:TEN00108(1.0),13/09/22 11:00:00,A,T,HAZ_NHAZ,TOTAL_HH,TOTAL,EU28,2008,2427000000,
ESTAT:TEN00108(1.0),13/09/22 11:00:00,A,T,HAZ_NHAZ,TOTAL_HH,TOTAL,EU28,2010,2454710000,
ESTAT:TEN00108(1.0),13/09/22 11:00:00,A,T,HAZ_NHAZ,TOTAL_HH,TOTAL,EU28,2012,2483800000,
ESTAT:TEN00108(1.0),13/09/22 11:00:00,A,T,HAZ_NHAZ,TOTAL_HH,TOTAL,EU28,2014,2506780000,
ESTAT:TEN00108(1.0),13/09/22 11:00:00,A,T,HAZ_NHAZ,TOTAL_HH,TOTAL,EU28,2016,2530980000,
ESTAT:TEN00108(1.0),13/09/22 11:00:00,A,T,HAZ_NHAZ,TOTAL_HH,TOTAL,EU28,2018,2620400000,
ESTAT:TEN00108(1.0),13/09/22 11:00:00,A,T,HAZ_NHAZ,TOTAL_HH,TOTAL,FI,2004,69708476,
ESTAT:TEN00108(1.0),13/09/22 11:00:00,A,T,HAZ_NHAZ,TOTAL_HH,TOTAL,FI,2006,72205476,
ESTAT:TEN00108(1.0),13/09/22 11:00:00,A,T,HAZ_NHAZ,TOTAL_HH,TOTAL,FI,2008,81792854,
ESTAT:TEN00108(1.0),13/09/22 11:00:00,A,T,HAZ_NHAZ,TOTAL_HH,TOTAL,FI,2010,104336944,
ESTAT:TEN00108(1.0),13/09/22 11:00:00,A,T,HAZ_NHAZ,TOTAL_HH,TOTAL,FI,2012,91824193,
ESTAT:TEN00108(1.0),13/09/22 11:00:00,A,T,HAZ_NHAZ,TOTAL_HH,TOTAL,FI,2014,95969888,
ESTAT:TEN00108(1.0),13/09/22 11:00:00,A,T,HAZ_NHAZ,TOTAL_HH,TOTAL,FI,2016,122869183,
ESTAT:TEN00108(1.0),13/09/22 11:00:00,A,T,HAZ_NHAZ,TOTAL_HH,TOTAL,FI,2018,128251735,
ESTAT:TEN00108(1.0),13/09/22 11:00:00,A,T,HAZ_NHAZ,TOTAL_HH,TOTAL,FI,2020,116082531,
ESTAT:TEN00108(1.0),13/09/22 11:00:00,A,T,HAZ_NHAZ,TOTAL_HH,TOTAL,FR,2004,296580889,s
ESTAT:TEN00108(1.0),13/09/22 11:00:00,A,T,HAZ_NHAZ,TOTAL_HH,TOTAL,FR,2006,312297824,s
ESTAT:TEN00108(1.0),13/09/22 11:00:00,A,T,HAZ_NHAZ,TOTAL_HH,TOTAL,FR,2008,345002210,
ESTAT:TEN00108(1.0),13/09/22 11:00:00,A,T,HAZ_NHAZ,TOTAL_HH,TOTAL,FR,2010,355081245,
ESTAT:TEN00108(1.0),13/09/22 11:00:00,A,T,HAZ_NHAZ,TOTAL_HH,TOTAL,FR,2012,344440922,
ESTAT:TEN00108(1.0),13/09/22 11:00:00,A,T,HAZ_NHAZ,TOTAL_HH,TOTAL,FR,2014,324462969,
ESTAT:TEN00108(1.0),13/09/22 11:00:00,A,T,HAZ_NHAZ,TOTAL_HH,TOTAL,FR,2016,322685297,
ESTAT:TEN00108(1.0),13/09/22 11:00:00,A,T,HAZ_NHAZ,TOTAL_HH,TOTAL,FR,2018,343307326,
ESTAT:TEN00108(1.0),13/09/22 11:00:00,A,T,HAZ_NHAZ,TOTAL_HH,TOTAL,FR,2020,314680344,
ESTAT:TEN00108(1.0),13/09/22 11:00:00,A,T,HAZ_NHAZ,TOTAL_HH,TOTAL,HR,2004,7208688,
ESTAT:TEN00108(1.0),13/09/22 11:00:00,A,T,HAZ_NHAZ,TOTAL_HH,TOTAL,HR,2006,5425973,
ESTAT:TEN00108(1.0),13/09/22 11:00:00,A,T,HAZ_NHAZ,TOTAL_HH,TOTAL,HR,2008,4172152,
ESTAT:TEN00108(1.0),13/09/22 11:00:00,A,T,HAZ_NHAZ,TOTAL_HH,TOTAL,HR,2010,3157672,
ESTAT:TEN00108(1.0),13/09/22 11:00:00,A,T,HAZ_NHAZ,TOTAL_HH,TOTAL,HR,2012,3611678,
ESTAT:TEN00108(1.0),13/09/22 11:00:00,A,T,HAZ_NHAZ,TOTAL_HH,TOTAL,HR,2014,3724563,
ESTAT:TEN00108(1.0),13/09/22 11:00:00,A,T,HAZ_NHAZ,TOTAL_HH,TOTAL,HR,2016,5366953,
ESTAT:TEN00108(1.0),13/09/22 11:00:00,A,T,HAZ_NHAZ,TOTAL_HH,TOTAL,HR,2018,5543310,
ESTAT:TEN00108(1.0),13/09/22 11:00:00,A,T,HAZ_NHAZ,TOTAL_HH,TOTAL,HR,2020,6003760,
ESTAT:TEN00108(1.0),13/09/22 11:00:00,A,T,HAZ_NHAZ,TOTAL_HH,TOTAL,HU,2004,24660920,e
ESTAT:TEN00108(1.0),13/09/22 11:00:00,A,T,HAZ_NHAZ,TOTAL_HH,TOTAL,HU,2006,22287476,e
ESTAT:TEN00108(1.0),13/09/22 11:00:00,A,T,HAZ_NHAZ,TOTAL_HH,TOTAL,HU,2008,16949197,e
ESTAT:TEN00108(1.0),13/09/22 11:00:00,A,T,HAZ_NHAZ,TOTAL_HH,TOTAL,HU,2010,16735423,
ESTAT:TEN00108(1.0),13/09/22 11:00:00,A,T,HAZ_NHAZ,TOTAL_HH,TOTAL,HU,2012,16310151,
ESTAT:TEN00108(1.0),13/09/22 11:00:00,A,T,HAZ_NHAZ,TOTAL_HH,TOTAL,HU,2014,16650639,
ESTAT:TEN00108(1.0),13/09/22 11:00:00,A,T,HAZ_NHAZ,TOTAL_HH,TOTAL,HU,2016,15938077,
ESTAT:TEN00108(1.0),13/09/22 11:00:00,A,T,HAZ_NHAZ,TOTAL_HH,TOTAL,HU,2018,18369585,
ESTAT:TEN00108(1.0),13/09/22 11:00:00,A,T,HAZ_NHAZ,TOTAL_HH,TOTAL,HU,2020,16063842,
ESTAT:TEN00108(1.0),13/09/22 11:00:00,A,T,HAZ_NHAZ,TOTAL_HH,TOTAL,IE,2004,24499142,
ESTAT:TEN00108(1.0),13/09/22 11:00:00,A,T,HAZ_NHAZ,TOTAL_HH,TOTAL,IE,2006,29599175,e
ESTAT:TEN00108(1.0),13/09/22 11:00:00,A,T,HAZ_NHAZ,TOTAL_HH,TOTAL,IE,2008,22502816,
ESTAT:TEN00108(1.0),13/09/22 11:00:00,A,T,HAZ_NHAZ,TOTAL_HH,TOTAL,IE,2010,19807586,
ESTAT:TEN00108(1.0),13/09/22 11:00:00,A,T,HAZ_NHAZ,TOTAL_HH,TOTAL,IE,2012,12713021,
ESTAT:TEN00108(1.0),13/09/22 11:00:00,A,T,HAZ_NHAZ,TOTAL_HH,TOTAL,IE,2014,15166830,
ESTAT:TEN00108(1.0),13/09/22 11:00:00,A,T,HAZ_NHAZ,TOTAL_HH,TOTAL,IE,2016,15251689,
ESTAT:TEN00108(1.0),13/09/22 11:00:00,A,T,HAZ_NHAZ,TOTAL_HH,TOTAL,IE,2018,13986757,
ESTAT:TEN00108(1.0),13/09/22 11:00:00,A,T,HAZ_NHAZ,TOTAL_HH,TOTAL,IS,2004,501426,
ESTAT:TEN00108(1.0),13/09/22 11:00:00,A,T,HAZ_NHAZ,TOTAL_HH,TOTAL,IS,2008,772584,
ESTAT:TEN00108(1.0),13/09/22 11:00:00,A,T,HAZ_NHAZ,TOTAL_HH,TOTAL,IS,2010,510941,
ESTAT:TEN00108(1.0),13/09/22 11:00:00,A,T,HAZ_NHAZ,TOTAL_HH,TOTAL,IS,2012,529351,
ESTAT:TEN00108(1.0),13/09/22 11:00:00,A,T,HAZ_NHAZ,TOTAL_HH,TOTAL,IS,2014,815148,
ESTAT:TEN00108(1.0),13/09/22 11:00:00,A,T,HAZ_NHAZ,TOTAL_HH,TOTAL,IS,2016,1067319,
ESTAT:TEN00108(1.0),13/09/22 11:00:00,A,T,HAZ_NHAZ,TOTAL_HH,TOTAL,IS,2018,1293511,
ESTAT:TEN00108(1.0),13/09/22 11:00:00,A,T,HAZ_NHAZ,TOTAL_HH,TOTAL,IT,2004,139806106,
ESTAT:TEN00108(1.0),13/09/22 11:00:00,A,T,HAZ_NHAZ,TOTAL_HH,TOTAL,IT,2006,155025054,
ESTAT:TEN00108(1.0),13/09/22 11:00:00,A,T,HAZ_NHAZ,TOTAL_HH,TOTAL,IT,2008,179257461,
ESTAT:TEN00108(1.0),13/09/22 11:00:00,A,T,HAZ_NHAZ,TOTAL_HH,TOTAL,IT,2010,158627618,
ESTAT:TEN00108(1.0),13/09/22 11:00:00,A,T,HAZ_NHAZ,TOTAL_HH,TOTAL,IT,2012,154427046,
ESTAT:TEN00108(1.0),13/09/22 11:00:00,A,T,HAZ_NHAZ,TOTAL_HH,TOTAL,IT,2014,157870348,
ESTAT:TEN00108(1.0),13/09/22 11:00:00,A,T,HAZ_NHAZ,TOTAL_HH,TOTAL,IT,2016,163827838,
ESTAT:TEN00108(1.0),13/09/22 11:00:00,A,T,HAZ_NHAZ,TOTAL_HH,TOTAL,IT,2018,172502773,
ESTAT:TEN00108(1.0),13/09/22 11:00:00,A,T,HAZ_NHAZ,TOTAL_HH,TOTAL,IT,2020,174887620,
ESTAT:TEN00108(1.0),13/09/22 11:00:00,A,T,HAZ_NHAZ,TOTAL_HH,TOTAL,LI,2008,383337,
ESTAT:TEN00108(1.0),13/09/22 11:00:00,A,T,HAZ_NHAZ,TOTAL_HH,TOTAL,LI,2010,312180,
ESTAT:TEN00108(1.0),13/09/22 11:00:00,A,T,HAZ_NHAZ,TOTAL_HH,TOTAL,LI,2012,466547,
ESTAT:TEN00108(1.0),13/09/22 11:00:00,A,T,HAZ_NHAZ,TOTAL_HH,TOTAL,LI,2014,569067,
ESTAT:TEN00108(1.0),13/09/22 11:00:00,A,T,HAZ_NHAZ,TOTAL_HH,TOTAL,LI,2016,502581,
ESTAT:TEN00108(1.0),13/09/22 11:00:00,A,T,HAZ_NHAZ,TOTAL_HH,TOTAL,LI,2018,437823,
ESTAT:TEN00108(1.0),13/09/22 11:00:00,A,T,HAZ_NHAZ,TOTAL_HH,TOTAL,LT,2004,7010178,
ESTAT:TEN00108(1.0),13/09/22 11:00:00,A,T,HAZ_NHAZ,TOTAL_HH,TOTAL,LT,2006,6361109,
ESTAT:TEN00108(1.0),13/09/22 11:00:00,A,T,HAZ_NHAZ,TOTAL_HH,TOTAL,LT,2008,6333352,
ESTAT:TEN00108(1.0),13/09/22 11:00:00,A,T,HAZ_NHAZ,TOTAL_HH,TOTAL,LT,2010,5578134,
ESTAT:TEN00108(1.0),13/09/22 11:00:00,A,T,HAZ_NHAZ,TOTAL_HH,TOTAL,LT,2012,5678751,
ESTAT:TEN00108(1.0),13/09/22 11:00:00,A,T,HAZ_NHAZ,TOTAL_HH,TOTAL,LT,2014,6200450,
ESTAT:TEN00108(1.0),13/09/22 11:00:00,A,T,HAZ_NHAZ,TOTAL_HH,TOTAL,LT,2016,6674238,
ESTAT:TEN00108(1.0),13/09/22 11:00:00,A,T,HAZ_NHAZ,TOTAL_HH,TOTAL,LT,2018,7080538,
ESTAT:TEN00108(1.0),13/09/22 11:00:00,A,T,HAZ_NHAZ,TOTAL_HH,TOTAL,LT,2020,6695731,
ESTAT:TEN00108(1.0),13/09/22 11:00:00,A,T,HAZ_NHAZ,TOTAL_HH,TOTAL,LU,2004,8315766,
ESTAT:TEN00108(1.0),13/09/22 11:00:00,A,T,HAZ_NHAZ,TOTAL_HH,TOTAL,LU,2006,8378911,
ESTAT:TEN00108(1.0),13/09/22 11:00:00,A,T,HAZ_NHAZ,TOTAL_HH,TOTAL,LU,2008,9592144,
ESTAT:TEN00108(1.0),13/09/22 11:00:00,A,T,HAZ_NHAZ,TOTAL_HH,TOTAL,LU,2010,10441469,
ESTAT:TEN00108(1.0),13/09/22 11:00:00,A,T,HAZ_NHAZ,TOTAL_HH,TOTAL,LU,2012,8397228,
ESTAT:TEN00108(1.0),13/09/22 11:00:00,A,T,HAZ_NHAZ,TOTAL_HH,TOTAL,LU,2014,7072758,
ESTAT:TEN00108(1.0),13/09/22 11:00:00,A,T,HAZ_NHAZ,TOTAL_HH,TOTAL,LU,2016,10020519,
ESTAT:TEN00108(1.0),13/09/22 11:00:00,A,T,HAZ_NHAZ,TOTAL_HH,TOTAL,LU,2018,9014397,
ESTAT:TEN00108(1.0),13/09/22 11:00:00,A,T,HAZ_NHAZ,TOTAL_HH,TOTAL,LU,2020,9215222,
ESTAT:TEN00108(1.0),13/09/22 11:00:00,A,T,HAZ_NHAZ,TOTAL_HH,TOTAL,LV,2004,1257225,
ESTAT:TEN00108(1.0),13/09/22 11:00:00,A,T,HAZ_NHAZ,TOTAL_HH,TOTAL,LV,2006,1858551,
ESTAT:TEN00108(1.0),13/09/22 11:00:00,A,T,HAZ_NHAZ,TOTAL_HH,TOTAL,LV,2008,1495084,
ESTAT:TEN00108(1.0),13/09/22 11:00:00,A,T,HAZ_NHAZ,TOTAL_HH,TOTAL,LV,2010,1498200,
ESTAT:TEN00108(1.0),13/09/22 11:00:00,A,T,HAZ_NHAZ,TOTAL_HH,TOTAL,LV,2012,2309581,
ESTAT:TEN00108(1.0),13/09/22 11:00:00,A,T,HAZ_NHAZ,TOTAL_HH,TOTAL,LV,2014,2621495,
ESTAT:TEN00108(1.0),13/09/22 11:00:00,A,T,HAZ_NHAZ,TOTAL_HH,TOTAL,LV,2016,1909631,
ESTAT:TEN00108(1.0),13/09/22 11:00:00,A,T,HAZ_NHAZ,TOTAL_HH,TOTAL,LV,2018,1773726,
ESTAT:TEN00108(1.0),13/09/22 11:00:00,A,T,HAZ_NHAZ,TOTAL_HH,TOTAL,LV,2020,2852792,
ESTAT:TEN00108(1.0),13/09/22 11:00:00,A,T,HAZ_NHAZ,TOTAL_HH,TOTAL,ME,2012,1014139,
ESTAT:TEN00108(1.0),13/09/22 11:00:00,A,T,HAZ_NHAZ,TOTAL_HH,TOTAL,ME,2014,1092741,
ESTAT:TEN00108(1.0),13/09/22 11:00:00,A,T,HAZ_NHAZ,TOTAL_HH,TOTAL,ME,2016,1685006,
ESTAT:TEN00108(1.0),13/09/22 11:00:00,A,T,HAZ_NHAZ,TOTAL_HH,TOTAL,ME,2018,1222758,
ESTAT:TEN00108(1.0),13/09/22 11:00:00,A,T,HAZ_NHAZ,TOTAL_HH,TOTAL,ME,2020,1246833,
ESTAT:TEN00108(1.0),13/09/22 11:00:00,A,T,HAZ_NHAZ,TOTAL_HH,TOTAL,MK,2008,1362466,
ESTAT:TEN00108(1.0),13/09/22 11:00:00,A,T,HAZ_NHAZ,TOTAL_HH,TOTAL,MK,2010,2327590,
ESTAT:TEN00108(1.0),13/09/22 11:00:00,A,T,HAZ_NHAZ,TOTAL_HH,TOTAL,MK,2012,8472343,
ESTAT:TEN00108(1.0),13/09/22 11:00:00,A,T,HAZ_NHAZ,TOTAL_HH,TOTAL,MK,2014,2186612,
ESTAT:TEN00108(1.0),13/09/22 11:00:00,A,T,HAZ_NHAZ,TOTAL_HH,TOTAL,MK,2016,1424859,
ESTAT:TEN00108(1.0),13/09/22 11:00:00,A,T,HAZ_NHAZ,TOTAL_HH,TOTAL,MK,2018,1140253,
ESTAT:TEN00108(1.0),13/09/22 11:00:00,A,T,HAZ_NHAZ,TOTAL_HH,TOTAL,MK,2020,1484596,
ESTAT:TEN00108(1.0),13/09/22 11:00:00,A,T,HAZ_NHAZ,TOTAL_HH,TOTAL,MT,2004,3146062,e
ESTAT:TEN00108(1.0),13/09/22 11:00:00,A,T,HAZ_NHAZ,TOTAL_HH,TOTAL,MT,2006,2861489,e
ESTAT:TEN00108(1.0),13/09/22 11:00:00,A,T,HAZ_NHAZ,TOTAL_HH,TOTAL,MT,2008,2070391,e
ESTAT:TEN00108(1.0),13/09/22 11:00:00,A,T,HAZ_NHAZ,TOTAL_HH,TOTAL,MT,2010,1352994,
ESTAT:TEN00108(1.0),13/09/22 11:00:00,A,T,HAZ_NHAZ,TOTAL_HH,TOTAL,MT,2012,1456213,
ESTAT:TEN00108(1.0),13/09/22 11:00:00,A,T,HAZ_NHAZ,TOTAL_HH,TOTAL,MT,2014,1672810,
ESTAT:TEN00108(1.0),13/09/22 11:00:00,A,T,HAZ_NHAZ,TOTAL_HH,TOTAL,MT,2016,1951928,
ESTAT:TEN00108(1.0),13/09/22 11:00:00,A,T,HAZ_NHAZ,TOTAL_HH,TOTAL,MT,2018,2507070,
ESTAT:TEN00108(1.0),13/09/22 11:00:00,A,T,HAZ_NHAZ,TOTAL_HH,TOTAL,MT,2020,3000546,
ESTAT:TEN00108(1.0),13/09/22 11:00:00,A,T,HAZ_NHAZ,TOTAL_HH,TOTAL,NL,2004,92448121,
ESTAT:TEN00108(1.0),13/09/22 11:00:00,A,T,HAZ_NHAZ,TOTAL_HH,TOTAL,NL,2006,99166563,
ESTAT:TEN00108(1.0),13/09/22 11:00:00,A,T,HAZ_NHAZ,TOTAL_HH,TOTAL,NL,2008,102648605,
ESTAT:TEN00108(1.0),13/09/22 11:00:00,A,T,HAZ_NHAZ,TOTAL_HH,TOTAL,NL,2010,121145468,
ESTAT:TEN00108(1.0),13/09/22 11:00:00,A,T,HAZ_NHAZ,TOTAL_HH,TOTAL,NL,2012,121194466,
ESTAT:TEN00108(1.0),13/09/22 11:00:00,A,T,HAZ_NHAZ,TOTAL_HH,TOTAL,NL,2014,132362297,
ESTAT:TEN00108(1.0),13/09/22 11:00:00,A,T,HAZ_NHAZ,TOTAL_HH,TOTAL,NL,2016,141024020,
ESTAT:TEN00108(1.0),13/09/22 11:00:00,A,T,HAZ_NHAZ,TOTAL_HH,TOTAL,NL,2018,145245469,
ESTAT:TEN00108(1.0),13/09/22 11:00:00,A,T,HAZ_NHAZ,TOTAL_HH,TOTAL,NL,2020,125138771,
ESTAT:TEN00108(1.0),13/09/22 11:00:00,A,T,HAZ_NHAZ,TOTAL_HH,TOTAL,NO,2004,7453565,
ESTAT:TEN00108(1.0),13/09/22 11:00:00,A,T,HAZ_NHAZ,TOTAL_HH,TOTAL,NO,2006,9913286,
ESTAT:TEN00108(1.0),13/09/22 11:00:00,A,T,HAZ_NHAZ,TOTAL_HH,TOTAL,NO,2008,10286643,
ESTAT:TEN00108(1.0),13/09/22 11:00:00,A,T,HAZ_NHAZ,TOTAL_HH,TOTAL,NO,2010,9432997,
ESTAT:TEN00108(1.0),13/09/22 11:00:00,A,T,HAZ_NHAZ,TOTAL_HH,TOTAL,NO,2012,10721599,
ESTAT:TEN00108(1.0),13/09/22 11:00:00,A,T,HAZ_NHAZ,TOTAL_HH,TOTAL,NO,2014,10614914,
ESTAT:TEN00108(1.0),13/09/22 11:00:00,A,T,HAZ_NHAZ,TOTAL_HH,TOTAL,NO,2016,11131594,
ESTAT:TEN00108(1.0),13/09/22 11:00:00,A,T,HAZ_NHAZ,TOTAL_HH,TOTAL,NO,2018,14137718,
ESTAT:TEN00108(1.0),13/09/22 11:00:00,A,T,HAZ_NHAZ,TOTAL_HH,TOTAL,NO,2020,14040663,
ESTAT:TEN00108(1.0),13/09/22 11:00:00,A,T,HAZ_NHAZ,TOTAL_HH,TOTAL,PL,2004,137478449,
ESTAT:TEN00108(1.0),13/09/22 11:00:00,A,T,HAZ_NHAZ,TOTAL_HH,TOTAL,PL,2006,153628937,
ESTAT:TEN00108(1.0),13/09/22 11:00:00,A,T,HAZ_NHAZ,TOTAL_HH,TOTAL,PL,2008,138984638,
ESTAT:TEN00108(1.0),13/09/22 11:00:00,A,T,HAZ_NHAZ,TOTAL_HH,TOTAL,PL,2010,158661957,
ESTAT:TEN00108(1.0),13/09/22 11:00:00,A,T,HAZ_NHAZ,TOTAL_HH,TOTAL,PL,2012,162382959,
ESTAT:TEN00108(1.0),13/09/22 11:00:00,A,T,HAZ_NHAZ,TOTAL_HH,TOTAL,PL,2014,179179899,
ESTAT:TEN00108(1.0),13/09/22 11:00:00,A,T,HAZ_NHAZ,TOTAL_HH,TOTAL,PL,2016,182005677,
ESTAT:TEN00108(1.0),13/09/22 11:00:00,A,T,HAZ_NHAZ,TOTAL_HH,TOTAL,PL,2018,175473691,
ESTAT:TEN00108(1.0),13/09/22 11:00:00,A,T,HAZ_NHAZ,TOTAL_HH,TOTAL,PL,2020,170233670,
ESTAT:TEN00108(1.0),13/09/22 11:00:00,A,T,HAZ_NHAZ,TOTAL_HH,TOTAL,PT,2004,29317295,e
ESTAT:TEN00108(1.0),13/09/22 11:00:00,A,T,HAZ_NHAZ,TOTAL_HH,TOTAL,PT,2006,34952771,e
ESTAT:TEN00108(1.0),13/09/22 11:00:00,A,T,HAZ_NHAZ,TOTAL_HH,TOTAL,PT,2008,16882923,
ESTAT:TEN00108(1.0),13/09/22 11:00:00,A,T,HAZ_NHAZ,TOTAL_HH,TOTAL,PT,2010,13640079,
ESTAT:TEN00108(1.0),13/09/22 11:00:00,A,T,HAZ_NHAZ,TOTAL_HH,TOTAL,PT,2012,13359517,
ESTAT:TEN00108(1.0),13/09/22 11:00:00,A,T,HAZ_NHAZ,TOTAL_HH,TOTAL,PT,2014,14368003,
ESTAT:TEN00108(1.0),13/09/22 11:00:00,A,T,HAZ_NHAZ,TOTAL_HH,TOTAL,PT,2016,14739135,
ESTAT:TEN00108(1.0),13/09/22 11:00:00,A,T,HAZ_NHAZ,TOTAL_HH,TOTAL,PT,2018,15894873,b
ESTAT:TEN00108(1.0),13/09/22 11:00:00,A,T,HAZ_NHAZ,TOTAL_HH,TOTAL,PT,2020,16601514,
ESTAT:TEN00108(1.0),13/09/22 11:00:00,A,T,HAZ_NHAZ,TOTAL_HH,TOTAL,RO,2004,369300408,s
ESTAT:TEN00108(1.0),13/09/22 11:00:00,A,T,HAZ_NHAZ,TOTAL_HH,TOTAL,RO,2006,344356921,
ESTAT:TEN00108(1.0),13/09/22 11:00:00,A,T,HAZ_NHAZ,TOTAL_HH,TOTAL,RO,2008,189138507,
ESTAT:TEN00108(1.0),13/09/22 11:00:00,A,T,HAZ_NHAZ,TOTAL_HH,TOTAL,RO,2010,201432951,
ESTAT:TEN00108(1.0),13/09/22 11:00:00,A,T,HAZ_NHAZ,TOTAL_HH,TOTAL,RO,2012,249354926,
ESTAT:TEN00108(1.0),13/09/22 11:00:00,A,T,HAZ_NHAZ,TOTAL_HH,TOTAL,RO,2014,176607415,
ESTAT:TEN00108(1.0),13/09/22 11:00:00,A,T,HAZ_NHAZ,TOTAL_HH,TOTAL,RO,2016,177562905,
ESTAT:TEN00108(1.0),13/09/22 11:00:00,A,T,HAZ_NHAZ,TOTAL_HH,TOTAL,RO,2018,203017193,
ESTAT:TEN00108(1.0),13/09/22 11:00:00,A,T,HAZ_NHAZ,TOTAL_HH,TOTAL,RO,2020,141364457,
ESTAT:TEN00108(1.0),13/09/22 11:00:00,A,T,HAZ_NHAZ,TOTAL_HH,TOTAL,RS,2010,33615918,
ESTAT:TEN00108(1.0),13/09/22 11:00:00,A,T,HAZ_NHAZ,TOTAL_HH,TOTAL,RS,2012,55002570,
ESTAT:TEN00108(1.0),13/09/22 11:00:00,A,T,HAZ_NHAZ,TOTAL_HH,TOTAL,RS,2014,49128311,b
ESTAT:TEN00108(1.0),13/09/22 11:00:00,A,T,HAZ_NHAZ,TOTAL_HH,TOTAL,RS,2016,48965314,
ESTAT:TEN00108(1.0),13/09/22 11:00:00,A,T,HAZ_NHAZ,TOTAL_HH,TOTAL,RS,2018,51102914,
ESTAT:TEN00108(1.0),13/09/22 11:00:00,A,T,HAZ_NHAZ,TOTAL_HH,TOTAL,RS,2020,58655708,
ESTAT:TEN00108(1.0),13/09/22 11:00:00,A,T,HAZ_NHAZ,TOTAL_HH,TOTAL,SE,2004,91759469,
ESTAT:TEN00108(1.0),13/09/22 11:00:00,A,T,HAZ_NHAZ,TOTAL_HH,TOTAL,SE,2006,94971307,
ESTAT:TEN00108(1.0),13/09/22 11:00:00,A,T,HAZ_NHAZ,TOTAL_HH,TOTAL,SE,2008,86168590,
ESTAT:TEN00108(1.0),13/09/22 11:00:00,A,T,HAZ_NHAZ,TOTAL_HH,TOTAL,SE,2010,117645185,
ESTAT:TEN00108(1.0),13/09/22 11:00:00,A,T,HAZ_NHAZ,TOTAL_HH,TOTAL,SE,2012,156306504,
ESTAT:TEN00108(1.0),13/09/22 11:00:00,A,T,HAZ_NHAZ,TOTAL_HH,TOTAL,SE,2014,167026886,
ESTAT:TEN00108(1.0),13/09/22 11:00:00,A,T,HAZ_NHAZ,TOTAL_HH,TOTAL,SE,2016,141625718,
ESTAT:TEN00108(1.0),13/09/22 11:00:00,A,T,HAZ_NHAZ,TOTAL_HH,TOTAL,SE,2018,138667585,
ESTAT:TEN00108(1.0),13/09/22 11:00:00,A,T,HAZ_NHAZ,TOTAL_HH,TOTAL,SE,2020,151823910,
ESTAT:TEN00108(1.0),13/09/22 11:00:00,A,T,HAZ_NHAZ,TOTAL_HH,TOTAL,SI,2004,5770505,
ESTAT:TEN00108(1.0),13/09/22 11:00:00,A,T,HAZ_NHAZ,TOTAL_HH,TOTAL,SI,2006,6035829,
ESTAT:TEN00108(1.0),13/09/22 11:00:00,A,T,HAZ_NHAZ,TOTAL_HH,TOTAL,SI,2008,5038401,
ESTAT:TEN00108(1.0),13/09/22 11:00:00,A,T,HAZ_NHAZ,TOTAL_HH,TOTAL,SI,2010,5986106,
ESTAT:TEN00108(1.0),13/09/22 11:00:00,A,T,HAZ_NHAZ,TOTAL_HH,TOTAL,SI,2012,4546506,
ESTAT:TEN00108(1.0),13/09/22 11:00:00,A,T,HAZ_NHAZ,TOTAL_HH,TOTAL,SI,2014,4686417,
ESTAT:TEN00108(1.0),13/09/22 11:00:00,A,T,HAZ_NHAZ,TOTAL_HH,TOTAL,SI,2016,5494362,
ESTAT:TEN00108(1.0),13/09/22 11:00:00,A,T,HAZ_NHAZ,TOTAL_HH,TOTAL,SI,2018,8220679,
ESTAT:TEN00108(1.0),13/09/22 11:00:00,A,T,HAZ_NHAZ,TOTAL_HH,TOTAL,SI,2020,7518375,
ESTAT:TEN00108(1.0),13/09/22 11:00:00,A,T,HAZ_NHAZ,TOTAL_HH,TOTAL,SK,2004,10668411,
ESTAT:TEN00108(1.0),13/09/22 11:00:00,A,T,HAZ_NHAZ,TOTAL_HH,TOTAL,SK,2006,14501495,
ESTAT:TEN00108(1.0),13/09/22 11:00:00,A,T,HAZ_NHAZ,TOTAL_HH,TOTAL,SK,2008,11472008,
ESTAT:TEN00108(1.0),13/09/22 11:00:00,A,T,HAZ_NHAZ,TOTAL_HH,TOTAL,SK,2010,9384112,
ESTAT:TEN00108(1.0),13/09/22 11:00:00,A,T,HAZ_NHAZ,TOTAL_HH,TOTAL,SK,2012,8425384,
ESTAT:TEN00108(1.0),13/09/22 11:00:00,A,T,HAZ_NHAZ,TOTAL_HH,TOTAL,SK,2014,8862778,
ESTAT:TEN00108(1.0),13/09/22 11:00:00,A,T,HAZ_NHAZ,TOTAL_HH,TOTAL,SK,2016,10606966,
ESTAT:TEN00108(1.0),13/09/22 11:00:00,A,T,HAZ_NHAZ,TOTAL_HH,TOTAL,SK,2018,12401870,
ESTAT:TEN00108(1.0),13/09/22 11:00:00,A,T,HAZ_NHAZ,TOTAL_HH,TOTAL,SK,2020,12775926,
ESTAT:TEN00108(1.0),13/09/22 11:00:00,A,T,HAZ_NHAZ,TOTAL_HH,TOTAL,TR,2004,58820312,
ESTAT:TEN00108(1.0),13/09/22 11:00:00,A,T,HAZ_NHAZ,TOTAL_HH,TOTAL,TR,2006,46091628,
ESTAT:TEN00108(1.0),13/09/22 11:00:00,A,T,HAZ_NHAZ,TOTAL_HH,TOTAL,TR,2008,64764502,
ESTAT:TEN00108(1.0),13/09/22 11:00:00,A,T,HAZ_NHAZ,TOTAL_HH,TOTAL,TR,2010,63540624,
ESTAT:TEN00108(1.0),13/09/22 11:00:00,A,T,HAZ_NHAZ,TOTAL_HH,TOTAL,TR,2012,67383777,
ESTAT:TEN00108(1.0),13/09/22 11:00:00,A,T,HAZ_NHAZ,TOTAL_HH,TOTAL,TR,2014,73075119,
ESTAT:TEN00108(1.0),13/09/22 11:00:00,A,T,HAZ_NHAZ,TOTAL_HH,TOTAL,TR,2016,75534641,
ESTAT:TEN00108(1.0),13/09/22 11:00:00,A,T,HAZ_NHAZ,TOTAL_HH,TOTAL,TR,2018,97294071,
ESTAT:TEN00108(1.0),13/09/22 11:00:00,A,T,HAZ_NHAZ,TOTAL_HH,TOTAL,TR,2020,107608312,
ESTAT:TEN00108(1.0),13/09/22 11:00:00,A,T,HAZ_NHAZ,TOTAL_HH,TOTAL,UK,2004,298798846,
ESTAT:TEN00108(1.0),13/09/22 11:00:00,A,T,HAZ_NHAZ,TOTAL_HH,TOTAL,UK,2006,291147402,
ESTAT:TEN00108(1.0),13/09/22 11:00:00,A,T,HAZ_NHAZ,TOTAL_HH,TOTAL,UK,2008,282222127,
ESTAT:TEN00108(1.0),13/09/22 11:00:00,A,T,HAZ_NHAZ,TOTAL_HH,TOTAL,UK,2010,241808706,
ESTAT:TEN00108(1.0),13/09/22 11:00:00,A,T,HAZ_NHAZ,TOTAL_HH,TOTAL,UK,2012,241506743,
ESTAT:TEN00108(1.0),13/09/22 11:00:00,A,T,HAZ_NHAZ,TOTAL_HH,TOTAL,UK,2014,262992726,
ESTAT:TEN00108(1.0),13/09/22 11:00:00,A,T,HAZ_NHAZ,TOTAL_HH,TOTAL,UK,2016,272064636,
ESTAT:TEN00108(1.0),13/09/22 11:00:00,A,T,HAZ_NHAZ,TOTAL_HH,TOTAL,UK,2018,282393639,
ESTAT:TEN00108(1.0),13/09/22 11:00:00,A,T,HAZ_NHAZ,TOTAL_HH,TOTAL,XK,2012,1166619,
ESTAT:TEN00108(1.0),13/09/22 11:00:00,A,T,HAZ_NHAZ,TOTAL_HH,TOTAL,XK,2014,1039803,
ESTAT:TEN00108(1.0),13/09/22 11:00:00,A,T,HAZ_NHAZ,TOTAL_HH,TOTAL,XK,2016,2855990,
ESTAT:TEN00108(1.0),13/09/22 11:00:00,A,T,HAZ_NHAZ,TOTAL_HH,TOTAL,XK,2018,2961225,
ESTAT:TEN00108(1.0),13/09/22 11:00:00,A,T,HAZ_NHAZ,TOTAL_HH,TOTAL,XK,2020,2592828,
